id,sequence,label,group,cluster_id,source,species,structure_id,embedding_id,date,target
pep_0231,PYYMTFHQHEETMEKILLSSVKA,1,study_S00,clust_068,internal_db,Escherichia_coli,PDB_0068,emb_0231,2018-12-30,0.3710800973713407
pep_0228,IKHMPGMVMRCRPAPWEYSCEETVSEIC,0,study_D01,clust_040,literature,Rattus_norvegicus,PDB_5032,emb_0228,2024-09-02,0.119546671145349
pep_0241,THPWDKRRANHLSKGNLMKGCMDFIKLWNASDGWPRQNQ,1,study_H00,clust_031,uniprot,Mus_musculus,PDB_0031,emb_0241,2021-02-14,0.266803459586091
pep_0036,YSWSSKDLCDPTIRTNRVEHIWERKI,1,study_G01,clust_054,internal_db,Bos_taurus,PDB_0054,emb_0036,2020-06-22,0.5431585547569396
pep_0166,LGIFIGFDVHLAQFYQKFDKRQFKNI,1,study_J00,clust_001,literature,Bos_taurus,PDB_1582,emb_0166,2022-12-08,0.378253948627662
pep_0670,HMGAGGCCIQEGQDSTFECNYCTTGDQYQLIKLWVQLK,0,study_F01,clust_015,literature,Mus_musculus,PDB_0015,emb_0670,2018-06-16,0.5722719675845277
pep_0224,GIDAQEQIGHRGMEVQTDEQWYPCRT,1,study_G01,clust_032,synthetic,Homo_sapiens,PDB_0032,emb_0224,2022-12-02,0.0873322195000616
pep_0878,GVFALEETFAEGTLQPKCSNAPANWEQGACVNQM,1,study_K00,clust_058,synthetic,Homo_sapiens,PDB_0058,emb_0878,2020-04-22,0.7216143390770317
pep_0447,NPIHWLMEDMQRQPPDNRQT,1,study_M00,clust_029,uniprot,Unknown,PDB_0029,emb_0447,2018-12-18,0.0956149336898432
pep_0149,AVSYVESHTHPFNQGESA,1,study_C01,clust_046,internal_db,Homo_sapiens,PDB_8736,emb_0149,2018-11-15,0.2595127478810201
pep_0110,LWMWMTTPERLYRWRIAYYAGY,1,study_Z00,clust_049,literature,Escherichia_coli,,emb_0110,2021-11-28,0.277985503877886
pep_0998,EDWQGAHFTRELSFHCTIR,1,study_I00,clust_078,internal_db,Unknown,PDB_0078,emb_0998,2020-11-23,0.0729680981241302
pep_0823,TTACSGIEAQVHRSCQHHKSTFFFAGWDLGSHSAA,1,study_A00,clust_021,literature,Rattus_norvegicus,,emb_0823,2024-02-19,0.5729092959399431
pep_0824,GCLCEYFVNCNLFVLKDNCAGAETKDMQGY,1,study_C01,clust_009,uniprot,Bos_taurus,PDB_0009,emb_0824,2025-06-09,0.7396951895275589
pep_0726,REDYVPTGHWCAPYHRPFRY,0,study_E01,clust_022,literature,Homo_sapiens,PDB_6180,emb_0726,2024-08-31,0.2326050889275992
pep_0620,AVNRWMWYRGQNPIRTRYWMITCF,1,study_J01,clust_079,literature,Escherichia_coli,PDB_7372,emb_0620,2023-08-14,0.1925559225865249
pep_0722,ENENCIMIAWEMHATVALCECGCRFMDVDIMWHVVQG,1,study_H01,clust_042,literature,Homo_sapiens,PDB_0042,emb_0722,2019-10-09,0.4074619776587435
pep_0498,PFQDAQCRGEMAMTMPSSVHIACRWCA,1,study_B01,clust_059,literature,Homo_sapiens,PDB_4313,emb_0498,2024-09-15,0.51978546401269
pep_0921,VDSKQQIGLIGRTGMHPWM,0,study_B00,clust_077,internal_db,Unknown,PDB_5541,emb_0921,2019-03-26,0.0060803509874527
pep_0245,REDYDPTGHWCAPYHRDFRY,0,study_T00,clust_022,literature,Unknown,PDB_0022,emb_0245,2020-07-12,0.4588275579977316
pep_0035,KYFSHIMFVACWYSTYCNQPVGVWY,1,study_A00,clust_069,internal_db,Homo_sapiens,PDB_0069,emb_0035,2021-05-07,0.3118134719233756
pep_0724,CSQTWASKLDYKDICRIHDVRAFRSHAAEGCTFLLCWR,1,study_N01,clust_034,uniprot,Escherichia_coli,PDB_5781,emb_0724,2018-06-12,0.362208862845217
pep_0126,FIWTWDTQTGPYPILLFAERRIG,0,study_L01,clust_023,internal_db,Homo_sapiens,PDB_1323,emb_0126,2025-09-30,0.1810124199488674
pep_0687,NGHTLYPLCNRENSRWWQCNV,0,study_X00,clust_007,literature,Bos_taurus,,emb_0687,2024-12-17,0.4361187234313709
pep_0576,RPGTEMRGLLFPTCFGAQWPDMKLGMFQDDLDMMM,1,study_X00,clust_067,uniprot,Homo_sapiens,PDB_4334,emb_0576,2021-09-16,0.4286560177030933
pep_0390,YQESQVHFGPAPPMQPLDV,1,study_B01,clust_018,uniprot,Homo_sapiens,PDB_1668,emb_0390,2024-03-21,0.4185851923330471
pep_0030,THPWDKRRANHLSKGNLMSGCMDFIKLWNASDGWPRQNQ,0,study_M00,clust_031,synthetic,Escherichia_coli,PDB_0031,emb_0030,2020-05-10,0.1642424319552791
pep_0907,EASDESWGQFATFINFQQANNMLHEFGWG,1,study_O00,clust_017,uniprot,Rattus_norvegicus,PDB_6628,emb_0907,2018-02-14,0.5163406035728572
pep_0107,WQNQMENYKRVYFRRVGLHGTNPNRKYKPFWSVIW,1,study_C01,clust_002,internal_db,Mus_musculus,PDB_8813,emb_0107,2019-03-26,0.5436508178387824
pep_0936,RETIFDGFMGVNMIPQFERWLQGRFVWNTRVMG,0,study_G00,clust_060,internal_db,Mus_musculus,PDB_8966,emb_0936,2024-10-18,0.6035557507912195
pep_0838,NPIHWTMWGMQRQPPDNWQT,0,study_I01,clust_029,literature,Mus_musculus,,emb_0838,2023-03-08,0.0470537122083246
pep_0019,YQESQVHFYPAPPMQPLDV,1,study_Q00,clust_018,literature,Escherichia_coli,PDB_0018,emb_0019,2024-09-13,0.367338309358702
pep_0455,AQFQCNFGNPILTSHAEMGCIILNYPTLAAH,0,study_R00,clust_027,literature,Homo_sapiens,PDB_0027,emb_0455,2022-02-18,0.3483357304099998
pep_0410,FCMFMEVWTRMTWNAHAWTQTLPFKTCCWQIMGECEY,1,study_J00,clust_038,uniprot,Unknown,PDB_0038,emb_0410,2022-12-15,0.4234214811064509
pep_0619,STGFWAWFLDSWTCHQAVA,0,study_E01,clust_011,literature,Homo_sapiens,PDB_3884,emb_0619,2022-09-14,0.3770347346090612
pep_0733,WLKHESYDRCLRGNSSYGRTQMKPFMMCDSHQVLNQYH,1,study_G00,clust_033,synthetic,Rattus_norvegicus,,emb_0733,2020-06-13,0.4110313167064132
pep_0088,LTAFLEQLKWYDSTNCAMMFCVVTSIHLCPTGFKQHKQ,0,study_X00,clust_005,internal_db,Homo_sapiens,PDB_7791,emb_0088,2019-03-08,0.6477865000775103
pep_0309,LWMPTTTPERLYRWRIAYYAGY,0,study_N00,clust_049,synthetic,Unknown,PDB_0049,emb_0309,2019-09-22,0.3566896156694635
pep_0553,EDCLWWPECMPQWELRMTTRQWNTCLIWMMTGSQAW,0,study_H01,clust_052,uniprot,Rattus_norvegicus,PDB_2446,emb_0553,2022-11-22,0.574166885815935
pep_0574,HMGAGGCCIQWGQDSTFECNYCTTGDQLQLIILWLQLK,0,study_T00,clust_015,uniprot,Bos_taurus,PDB_1397,emb_0574,2018-05-16,0.6567843509006073
pep_0953,STGFEAWFLDSWTCQQAVA,1,study_Y00,clust_011,synthetic,Mus_musculus,,emb_0953,2022-01-04,0.3148929263816795
pep_0905,WLKHESYDRCLRGNSHYKRMQMKPFMVCDSHEVLNQYH,0,study_D00,clust_033,uniprot,Bos_taurus,,emb_0905,2022-06-03,0.0975373224970501
pep_0291,FQICHICFIIFPLVRVVN,1,study_I00,clust_063,literature,Bos_taurus,PDB_0063,emb_0291,2022-01-18,0.3636664871687377
pep_0704,FFGYECVFYTARNPWWSWTQDRTKMPEHMPWDSQLARMQS,0,study_U00,clust_013,uniprot,Homo_sapiens,,emb_0704,2021-01-21,0.6295036659393954
pep_0104,FIWTWETQTGPYQILLAAERRIG,1,study_R00,clust_023,uniprot,Rattus_norvegicus,PDB_5218,emb_0104,2025-05-18,0.3089841921075769
pep_0822,PTVVHRCFSQWFCDWKLSLRHIDQLKMTS,1,study_O00,clust_075,uniprot,Bos_taurus,PDB_6517,emb_0822,2020-05-11,0.0528573220760504
pep_0762,YQESHFHDYPAPPMFPLDV,1,study_P00,clust_018,literature,Escherichia_coli,PDB_0018,emb_0762,2023-10-05,0.3524519821758682
pep_0217,IKHMPGMVMRCRPNPWTYSCEETVGEIC,0,study_N00,clust_040,literature,Homo_sapiens,PDB_8456,emb_0217,2018-08-08,0.2371695386138663
pep_0472,EASLEKRAQWATFINFQQANNMNHEFGWG,1,study_F00,clust_017,synthetic,Rattus_norvegicus,PDB_0017,emb_0472,2023-07-23,0.5279335513443972
pep_0246,STGFEAWFLDSWTCQQAVA,0,study_C01,clust_011,synthetic,Mus_musculus,,emb_0246,2025-10-17,0.3148929263816795
pep_0968,RDRQVKEAVHMSCVLMEYKGWFVVPHFGWGKTWVTSHM,1,study_L00,clust_041,uniprot,Homo_sapiens,PDB_0041,emb_0968,2019-02-12,0.3417128101103174
pep_0402,NGHLLTPLCNFENSRWWQCNV,0,study_I01,clust_007,synthetic,Mus_musculus,PDB_0007,emb_0402,2021-09-11,0.3756491741659082
pep_0557,GCCRILMQGVQRKDHEGSNTYDDGNEQTNEILDYI,1,study_K00,clust_064,internal_db,Rattus_norvegicus,,emb_0557,2025-04-11,0.6448578115248491
pep_0340,NISAWCFREDDKHNSSLFMTFNVERER,0,study_Y00,clust_043,synthetic,Escherichia_coli,,emb_0340,2025-09-09,0.4069003183136396
pep_0831,TSQTWAMKLDYQDVCLIHDVRRFRSHAAEGCTFLLCWR,1,study_U00,clust_034,literature,Mus_musculus,PDB_0034,emb_0831,2025-06-11,0.4031011119502019
pep_0176,GIDAFELIGHRGMEVQTDEQWYPCRL,1,study_Y00,clust_032,internal_db,Unknown,,emb_0176,2019-07-30,0.1847421857412255
pep_0702,VWLQHNQCMPRDDCYALHRTVPMCLTQFF,1,study_S00,clust_006,internal_db,Mus_musculus,,emb_0702,2022-02-15,0.3449127903420017
pep_0648,MHGGFRDYVQMNMCIPHYSWQAMRQFEVKTMNWFCLGTCT,0,study_C00,clust_066,internal_db,Rattus_norvegicus,PDB_4646,emb_0648,2025-01-20,0.466815680197175
pep_0760,LWYPPTTPERLYRWRIAEYAGY,1,study_C01,clust_049,internal_db,Escherichia_coli,PDB_3325,emb_0760,2020-04-01,0.3514963866217913
pep_0223,AQFQCNNGNPILTSHAEMGCIILNYPTLAAH,1,study_C01,clust_027,synthetic,Escherichia_coli,PDB_7144,emb_0223,2023-04-30,0.3556007767132007
pep_0653,NISAWCFREADKHNSSLFMTFNDERER,1,study_E00,clust_043,synthetic,Escherichia_coli,PDB_7884,emb_0653,2019-11-03,0.2776160128349172
pep_0644,MHGGFRDYVQMNMCIPHYSWQAMRQFEVKTMNWFMLGTCT,0,study_A00,clust_066,uniprot,Mus_musculus,PDB_7252,emb_0644,2022-10-31,0.3977481845076081
pep_0313,SRLVWWPVADRWHRFWSWGFLIETAIDHSQPEFVYYVFQ,1,study_D00,clust_070,literature,Rattus_norvegicus,,emb_0313,2024-10-25,0.30563710642307
pep_0873,ENENCIMIAWEMHMTVALCEIGCRFMDWDPMWHVMQG,0,study_O00,clust_042,uniprot,Mus_musculus,PDB_1693,emb_0873,2019-06-07,0.4616698189661246
pep_0271,IFPSARFKMPTFTHKEWRTYTYCG,0,study_H01,clust_053,literature,Bos_taurus,PDB_0053,emb_0271,2024-05-11,0.3590191191978167
pep_0112,NPIHWTMEDMQRQPPDNWQT,0,study_N01,clust_029,uniprot,Mus_musculus,PDB_5030,emb_0112,2024-10-18,0.0535063665526782
pep_0858,YRPMESHHMVKCNVNCASPSRLFTSGTFCQ,1,study_J00,clust_071,literature,Bos_taurus,,emb_0858,2018-01-16,0.2795296051692673
pep_0021,AGRVGFSLYGFYVFIKPIAWNQNKAQSHH,1,study_K00,clust_056,literature,Rattus_norvegicus,,emb_0021,2018-01-08,0.6147392730043221
pep_0922,IVEVQVRIAYPYDDYEHTHGWSYMK,0,study_I00,clust_073,internal_db,Homo_sapiens,PDB_0073,emb_0922,2024-11-30,0.2658228617321663
pep_0604,YQESQVHFYPAPPMQPLDV,0,study_M01,clust_018,synthetic,Escherichia_coli,PDB_0018,emb_0604,2018-10-24,0.294577903863531
pep_0042,LGIFIGFDVHLAQFYAKFDKRQFWNI,1,study_I01,clust_001,synthetic,Bos_taurus,PDB_0001,emb_0042,2022-03-29,0.2857607564932638
pep_0299,FLYFCTHKISAYEIMTTAWRMIYCTQITAENFRNFNIAW,1,study_Q00,clust_012,uniprot,Bos_taurus,PDB_7737,emb_0299,2021-05-01,0.5582138754785686
pep_0772,FWYCDHYKAYGWPVGTPLNMRCWRE,0,study_C01,clust_051,synthetic,Unknown,PDB_0051,emb_0772,2020-08-11,0.3569757310085665
pep_0791,LWMPMTTQIRLYQSRIAYYAQY,1,study_H01,clust_049,uniprot,Mus_musculus,PDB_0049,emb_0791,2023-09-20,0.3833036135302233
pep_0084,PFQDALCRGEMAMLMPSSVHIACRWCA,1,study_U00,clust_059,literature,Rattus_norvegicus,PDB_0059,emb_0084,2020-07-23,0.4961502678496859
pep_0641,IKHMPGMVMRCRPNPWEYSCEETVSEIC,0,study_V00,clust_040,internal_db,Rattus_norvegicus,,emb_0641,2018-05-02,0.2220042071649914
pep_0946,RDRQVKEAVHMSCVLMEYKGAFVVPHFGWGKTWVTSNM,0,study_B00,clust_041,internal_db,Homo_sapiens,PDB_7096,emb_0946,2022-01-03,0.3033515342742141
pep_0087,SRLVWWPVADRDHRFWSWGFLIETAIDHSQPEFVYYVFA,0,study_M01,clust_070,internal_db,Rattus_norvegicus,PDB_5991,emb_0087,2020-10-07,0.2978951140361335
pep_0240,FQICHICFIIFPLVRVVN,0,study_A01,clust_063,synthetic,Unknown,PDB_5071,emb_0240,2023-03-10,0.3125534554541063
pep_0513,WHQDALCRGEMAMLMPSSVHIACRWCA,0,study_T00,clust_059,uniprot,Mus_musculus,PDB_2865,emb_0513,2019-07-28,0.6103581162353954
pep_0327,YCVCEYFVNVPLFVLKDNCAGAETKDMQGY,1,study_D00,clust_009,literature,Rattus_norvegicus,PDB_4221,emb_0327,2019-11-12,0.6565148989482835
pep_0991,LMFFVCMMYSFWLNGYAYKAIMSGIRA,0,study_D00,clust_072,internal_db,Mus_musculus,,emb_0991,2025-09-27,0.2118620396201024
pep_0804,YVCRLEMTRFVCVMATQCSKQCN,1,study_G01,clust_019,internal_db,Rattus_norvegicus,PDB_5161,emb_0804,2019-07-07,0.3547762110689665
pep_0570,PFQDALCRGEMAMLMPSSVAIACRWCA,1,study_Z00,clust_059,synthetic,Rattus_norvegicus,,emb_0570,2023-09-27,0.6358278591440655
pep_0735,YVRMTNHDFFGFLMKTPVFHQCSFVHEYCD,0,study_G00,clust_074,internal_db,Mus_musculus,PDB_3277,emb_0735,2019-05-04,0.0928644395037312
pep_0820,FQICHICFIIFLLVPVVN,1,study_R00,clust_063,internal_db,Mus_musculus,PDB_2186,emb_0820,2022-11-05,0.2937431343218236
pep_0188,AGRVGFSLYGFYVFIKLIAWNQNKAQSHH,0,study_B00,clust_056,internal_db,Homo_sapiens,PDB_0056,emb_0188,2021-03-03,0.457673627682502
pep_0651,EDCLWWPECMPQWDLRMTTRQWNTDLIWMMTGSQAW,0,study_Z00,clust_052,uniprot,Escherichia_coli,PDB_0052,emb_0651,2021-08-11,0.5781158381196229
pep_0408,FIWTWDTYTGPYQILMRAERRIG,0,study_K00,clust_023,synthetic,Homo_sapiens,,emb_0408,2025-05-11,0.2228447449741611
pep_0834,LGIFIGFDVHLAQFYAKFDYRQFWNI,1,study_I01,clust_001,synthetic,Bos_taurus,PDB_0001,emb_0834,2021-04-28,0.3508300892867697
pep_0673,REDYDPTLHYCAPYHGMFRP,1,study_O00,clust_022,synthetic,Mus_musculus,PDB_3505,emb_0673,2022-10-25,0.2461385634121327
pep_0051,WLKHESYDRCLRGNSHYKRTQMKPFMVCDSHQVLNQYH,1,study_T00,clust_033,uniprot,Bos_taurus,PDB_2116,emb_0051,2019-12-15,0.1192265987900023
pep_0652,RDRQVKEAVHMSCVLMEYKGAFVVPHFGWGKTWVTSNM,1,study_G00,clust_041,internal_db,Homo_sapiens,PDB_7096,emb_0652,2022-11-08,0.3356573917104433
pep_0388,LCEELPPSPKFFRLATAVKKMIINQGSQGFRWRRHPSHA,1,study_B00,clust_010,synthetic,Rattus_norvegicus,PDB_9810,emb_0388,2024-11-21,0.5761625907465058
pep_0153,GTIYKLYKLTSTRFCYNDRV,1,study_P00,clust_048,internal_db,Mus_musculus,,emb_0153,2025-10-12,0.3532235002829883
pep_0346,SWEKMPHECVMVNAMSHWKRCLMTGMSEGVKT,0,study_W00,clust_080,literature,Mus_musculus,PDB_2747,emb_0346,2025-06-14,0.3052971648417024
pep_0148,IVEVQVRIAYPYDDYEHTHGWSYMK,1,study_B01,clust_073,literature,Escherichia_coli,,emb_0148,2019-05-18,0.1340278427753026
pep_0963,HVKYVYAWFQMIRAPKEFCMRADDENDYGWSW,1,study_H00,clust_024,uniprot,Escherichia_coli,,emb_0963,2025-11-18,0.3377342209218384
pep_0521,TANLVENQQYHHTGEIVDNAVH,0,study_Q00,clust_055,synthetic,Rattus_norvegicus,PDB_8656,emb_0521,2022-09-22,0.4165389572196064
pep_0927,FQICHIDFIIFPLVRVVN,0,study_E01,clust_063,synthetic,Mus_musculus,,emb_0927,2023-05-20,0.4468030362823931
pep_0293,HVKYVYAWFQMIRAPKEFCMRADDENDYGWSW,1,study_B01,clust_024,uniprot,Rattus_norvegicus,PDB_0024,emb_0293,2022-07-05,0.3378634661427296
pep_0307,STGFEAWFLDSWTCHQAGA,0,study_I00,clust_011,internal_db,Escherichia_coli,PDB_7263,emb_0307,2019-06-20,0.4683732321329651
pep_0710,IKHMPGMVMRCRPNPWEPSCEEWVSCIC,1,study_M01,clust_040,internal_db,Rattus_norvegicus,,emb_0710,2024-08-14,0.1863138950469433
pep_0011,TTACSGIEAQVHRSCQCHKSTFFFAGWDLASHSAY,1,study_F01,clust_021,literature,Rattus_norvegicus,PDB_4357,emb_0011,2024-05-04,0.4418140410576462
pep_0533,FIWTWDTQTGPYQILLLAERRIR,1,study_G01,clust_023,literature,Homo_sapiens,PDB_9688,emb_0533,2021-10-12,0.241335593313891
pep_0287,EDCLWWPECMPQWELRMTTRQWNTSLIWMMTGSQAW,0,study_R00,clust_052,uniprot,Bos_taurus,PDB_2760,emb_0287,2024-03-04,0.5314106418677733
pep_0196,NHSMCCICWCPPRVTFNQYHVKVDR,0,study_J01,clust_076,uniprot,Homo_sapiens,PDB_6308,emb_0196,2023-09-13,0.2185509805789604
pep_0610,NPIHWTMIDMQRQPPDNWQT,0,study_O00,clust_029,synthetic,Mus_musculus,,emb_0610,2024-10-26,0.2269041737728658
pep_0025,GVSYVESHTHPENIGCSA,1,study_H01,clust_046,uniprot,Escherichia_coli,,emb_0025,2020-07-07,0.2446570755214258
pep_0356,TTACSGIEAQVHRSCQCHKSTFFFAGWDLGSHSAY,0,study_L01,clust_021,synthetic,Bos_taurus,PDB_7235,emb_0356,2020-12-19,0.5852443409369036
pep_0043,NGHLLYPLCNFENSRWWQYNV,0,study_N00,clust_007,internal_db,Unknown,PDB_0007,emb_0043,2019-05-06,0.4969748650713344
pep_0794,PGYFVDYRSKCDCYDKSASS,0,study_I01,clust_036,internal_db,Mus_musculus,PDB_7412,emb_0794,2019-08-12,0.0602478931172575
pep_0083,FLYFCTQKISAYEIMTTAWRMIYCTQITAENFRNFNILW,1,study_G00,clust_012,internal_db,Rattus_norvegicus,PDB_8467,emb_0083,2019-06-17,0.5176135702976026
pep_0738,YRPMESHHLVKCRVNCASPSRLFSSGTGCQ,0,study_M01,clust_071,literature,Unknown,,emb_0738,2025-06-10,0.1220278331569556
pep_0105,LWMPMTTPERLYRWRIAYVAGD,1,study_C00,clust_049,literature,Homo_sapiens,PDB_0049,emb_0105,2019-11-18,0.486336702800881
pep_0706,LCEELPPSPKFFRLATAVKKMIINQGSQKFRWVRHPPHA,0,study_Q00,clust_010,literature,Unknown,PDB_7914,emb_0706,2019-12-03,0.6328813138164934
pep_0889,NFDQRPAQCRFSRKGEKNHNTFYI,0,study_F01,clust_003,literature,Homo_sapiens,PDB_1496,emb_0889,2023-08-09,0.3162907295392509
pep_0399,HVKYVYAWFQMIRAPKEFCMRADDENDYGWSW,1,study_N01,clust_024,uniprot,Escherichia_coli,,emb_0399,2019-08-12,0.3377342209218384
pep_0093,WQNQMENNKRVYFRRVRLHGTNKNRKYKPFWSVIW,0,study_P00,clust_002,synthetic,Homo_sapiens,PDB_4561,emb_0093,2024-07-13,0.3684920015977685
pep_0932,PYYMTSHQHEQTMWKILLSSIKA,0,study_I01,clust_068,synthetic,Rattus_norvegicus,,emb_0932,2025-06-01,0.1633474877315416
pep_0947,IFNSARFKLPTFLHKEWRTYTYCP,0,study_B01,clust_053,literature,Escherichia_coli,PDB_4741,emb_0947,2019-10-28,0.4820682051615405
pep_0424,DTAFLEQLKWYDSTNCAMMFSVVTQIHLCPTGNKQHKQ,0,study_B00,clust_005,literature,Mus_musculus,PDB_9358,emb_0424,2023-08-30,0.4910039249130102
pep_0777,SWESMPHECVQVNAMMHWKRFLMTGMYEGVKT,1,study_J00,clust_080,uniprot,Escherichia_coli,,emb_0777,2023-09-24,0.1665520272396979
pep_0200,GIDAAEQIRHCGMEVQTDEQWYPCRL,1,study_H01,clust_032,uniprot,Bos_taurus,PDB_3795,emb_0200,2018-10-28,0.1054338431695537
pep_0506,DVIFEQPRLMVDDQLIQESIEDHEMF,0,study_I00,clust_028,internal_db,Homo_sapiens,PDB_0028,emb_0506,2023-01-01,0.266554418989345
pep_0649,YCVCEYFVNVPLFVLKDNCAGAETKDMQGY,1,study_J00,clust_009,internal_db,Bos_taurus,,emb_0649,2025-11-24,0.5304465941142333
pep_0066,CSQTWAMKLDYQDVCLIHDVRAFRSHAAEGCTFLLCWR,0,study_L00,clust_034,internal_db,Rattus_norvegicus,PDB_0034,emb_0066,2025-02-26,0.4982162073335336
pep_0305,DTAFLEQLKWYDSTNCAMCFSVVTSIHLCPTGFKQHKQ,1,study_Y00,clust_005,uniprot,Rattus_norvegicus,,emb_0305,2022-12-16,0.5360025526853838
pep_0116,ICHMPGMVMRCRPNPWEYSMEETVSEIC,1,study_G00,clust_040,synthetic,Rattus_norvegicus,PDB_3799,emb_0116,2022-08-07,0.2978474434151231
pep_0328,FCMFMEVWTRMTWNAHAWTQTLPFKTCCWQIMGECEY,0,study_F01,clust_038,synthetic,Unknown,,emb_0328,2025-06-15,0.3895211756053216
pep_0748,WLKIESYDRCLRGNSHYKRTQMKPFMVCDSHQVLNQYH,1,study_N01,clust_033,literature,Rattus_norvegicus,PDB_0033,emb_0748,2024-11-11,0.2766871035864401
pep_0336,NGHFLYPLCNFENSRWAQCNV,1,study_Q00,clust_007,uniprot,Unknown,PDB_0007,emb_0336,2021-02-02,0.309922833040053
pep_0230,KMHSPVYLAHQLEKAPHWLFYLCQNRCPQLENLETGH,1,study_A00,clust_062,uniprot,Unknown,,emb_0230,2018-08-08,0.6898921928835604
pep_0152,HVKYVYAWFQMIRAPKEFCMRADDENDYGWSW,1,study_S00,clust_024,synthetic,Homo_sapiens,PDB_0024,emb_0152,2020-02-16,0.4846253184399908
pep_0851,VDSKWQEGPIARTGMHPWM,0,study_P00,clust_077,internal_db,Bos_taurus,PDB_2445,emb_0851,2024-06-28,0.0664758156061669
pep_0511,NPIHWTMEDMQRQPPDNWQT,0,study_Z00,clust_029,internal_db,Unknown,PDB_3024,emb_0511,2022-10-03,0.0521209965409347
pep_0911,PSVDVFDNKAMNQWYRPGEHPTEYHEP,0,study_E01,clust_030,literature,Mus_musculus,,emb_0911,2021-12-05,0.1179607205726548
pep_0198,ARTAYMVNDYQDDHMFEWFDPWLSLQHSHEWVPLCDLRHS,1,study_L01,clust_025,uniprot,Homo_sapiens,PDB_3238,emb_0198,2019-03-11,0.2429242001294733
pep_0697,SRLCWWPVADRWHRFWSWGFLIETAIAHNQPTFVYYVFQ,1,study_N01,clust_070,literature,Homo_sapiens,PDB_1797,emb_0697,2018-03-18,0.2042142717608646
pep_0705,EMENCIMIAWEMHATGALCEIGCRFMDVDPMWHVMQG,0,study_L00,clust_042,synthetic,Escherichia_coli,PDB_0042,emb_0705,2025-11-14,0.4970793833370634
pep_0910,LQICHILPIIFPLVDWVN,0,study_C00,clust_063,internal_db,Escherichia_coli,,emb_0910,2024-04-25,0.3662545104044894
pep_0663,GCCRILMQGVDRKDHEGSNTYDDGNEQDNEILDYI,1,study_A00,clust_064,literature,Bos_taurus,PDB_0064,emb_0663,2018-08-12,0.4788186811550479
pep_0179,EDCLWWPECMPQWELRYTTRQWNTCPIWMMTGSQAW,0,study_S00,clust_052,literature,Bos_taurus,PDB_3713,emb_0179,2021-03-07,0.6471697026365357
pep_0379,KMFSVIFRVACWYSTYCNQPVGVWY,1,study_F00,clust_069,literature,Homo_sapiens,PDB_6383,emb_0379,2018-09-04,0.3318046579474271
pep_0622,APTAYMVNDQQDYHMFEWFDPWLSLQHSVEWVPLCDLRHS,0,study_I01,clust_025,internal_db,Homo_sapiens,PDB_1217,emb_0622,2022-01-03,0.2491108165977739
pep_0743,YCWWCNWWMGLHGVSIGRQYVNCR,0,study_H01,clust_004,synthetic,Mus_musculus,PDB_4797,emb_0743,2024-03-04,0.5547322215761648
pep_0156,YQECQVHFYCAPPMQPLDV,0,study_F00,clust_018,synthetic,Escherichia_coli,PDB_1430,emb_0156,2021-03-24,0.3769905891599969
pep_0423,DQESQVHFYPASPMQPLDV,1,study_D01,clust_018,literature,Mus_musculus,PDB_0018,emb_0423,2021-05-25,0.2535882732106824
pep_0406,IKHMPGMVNRCRPNPWEYSCEETVSVIC,1,study_C01,clust_040,uniprot,Unknown,PDB_5657,emb_0406,2023-08-29,0.1244421215502877
pep_0282,HEGAGGCCIQWGQDSTFECNYCTTGDQLQLIKLWVQLK,0,study_R00,clust_015,synthetic,Homo_sapiens,PDB_0015,emb_0282,2021-08-22,0.634583488305697
pep_0775,NPIHWTYEDMQRLPPDNWQQ,0,study_Y00,clust_029,internal_db,Escherichia_coli,,emb_0775,2018-03-31,0.2002077439354347
pep_0060,NISAWCFREDDKINSSLFMTFNVERER,1,study_E00,clust_043,literature,Bos_taurus,PDB_8369,emb_0060,2024-10-23,0.413200506697205
pep_0363,PAYMTFHQHEETMWKILHSSVKA,0,study_F00,clust_068,literature,Escherichia_coli,PDB_0068,emb_0363,2024-06-25,0.2811498436915504
pep_0581,TDNILLLLEWPVWIVQWRDKWVQPFTNSHEHWSFDHLFE,1,study_O00,clust_061,synthetic,Escherichia_coli,PDB_0061,emb_0581,2020-07-21,0.5261597141144849
pep_0846,NRIHWTMIDMQRQPPDNWQG,1,study_O00,clust_029,synthetic,Mus_musculus,,emb_0846,2021-09-22,0.1824432278629037
pep_0942,YYRMINHDFFGFLMKTPVFHQKSFPHEYCD,0,study_J00,clust_074,internal_db,Unknown,,emb_0942,2021-09-07,0.283845939980452
pep_0934,TSQTWAMKLDYQIVCLIHDVRRFRSHAAEFCTFLLCWR,1,study_G01,clust_034,literature,Mus_musculus,PDB_0034,emb_0934,2021-12-05,0.3822305223388219
pep_0489,SWAWFMTLGLPKNQRVPGCDGRITQF,0,study_U00,clust_037,literature,Unknown,PDB_0037,emb_0489,2018-11-18,0.2063683784893668
pep_0072,GVSYVESHTHPFNIGESV,1,study_Z00,clust_046,uniprot,Escherichia_coli,PDB_0046,emb_0072,2018-03-07,0.1948159191924992
pep_0913,WYGRHQWPCPPIHWQHCCARTYPPTFRDSSWR,0,study_G01,clust_020,internal_db,Escherichia_coli,PDB_0020,emb_0913,2023-02-02,0.2462180428159267
pep_0459,DYIFEQPRLMVKDQLIQESIEDHEMH,1,study_X00,clust_028,internal_db,Unknown,PDB_0028,emb_0459,2024-10-24,0.2003825351590593
pep_0746,HMMAFGCCIQWGQDSRFECNYCTTGDQLQLFKLWVQLK,0,study_L00,clust_015,literature,Rattus_norvegicus,,emb_0746,2022-08-07,0.6849245691565129
pep_0787,WLKHESYLRCLRGNSSYGRTQMKPMMFCDSHQVLNQYH,0,study_J00,clust_033,synthetic,Rattus_norvegicus,,emb_0787,2019-09-10,0.360346243226985
pep_0226,YERMTNHDFFGFLMKTPVFHQKSFVHEYCD,1,study_M01,clust_074,internal_db,Rattus_norvegicus,PDB_9600,emb_0226,2023-07-12,0.1749332912796199
pep_0470,SRLVWWPVADRWHRFWSWGFLIETAIDMSQPEFVYYVFQ,0,study_N00,clust_070,internal_db,Mus_musculus,PDB_0070,emb_0470,2022-08-17,0.3759371766284547
pep_0885,EDCLSMPECMPQWELRMTTRQWNTFLIWMMTGSQAW,0,study_Y00,clust_052,synthetic,Escherichia_coli,PDB_0052,emb_0885,2021-08-30,0.5906158446747939
pep_0365,SRLVWWPVADRWHRFWSWCFLIETAIDHSQPEFVYYVKQ,1,study_D01,clust_070,literature,Homo_sapiens,PDB_2975,emb_0365,2018-04-04,0.4932737542243385
pep_0593,FCMFMEVWTRMTWDAHAWTQTLPFKTCCWQIMGECEY,1,study_B00,clust_038,uniprot,Bos_taurus,PDB_0038,emb_0593,2021-08-19,0.399955342672758
pep_0481,GVFALEEHFAEGVLLPKCSNAPANWKQGACVNQM,1,study_K00,clust_058,synthetic,Homo_sapiens,PDB_0058,emb_0481,2021-08-02,0.6625079658243959
pep_0560,GIDAAEQIGHRGMEVQTDEQWYQCRL,1,study_M00,clust_032,internal_db,Mus_musculus,PDB_5818,emb_0560,2019-06-05,0.1054945558632245
pep_0654,KMHSPVYLAHQLEKASHWLFYLCQNRCPQLEGLETGH,1,study_D01,clust_062,literature,Rattus_norvegicus,PDB_0062,emb_0654,2020-10-14,0.5567291618245805
pep_0170,FQICHICFIIFPLVRVVN,0,study_H01,clust_063,internal_db,Bos_taurus,PDB_6087,emb_0170,2024-10-31,0.3531928600082433
pep_0799,PFQDAPCRGESAMLMPKSVHIACRWCA,1,study_B00,clust_059,literature,Rattus_norvegicus,PDB_0059,emb_0799,2025-06-22,0.588120366281125
pep_0950,EDMQCPHFTRELSFHCTIR,1,study_W00,clust_078,literature,Unknown,PDB_9009,emb_0950,2023-09-02,0.155648683784346
pep_0310,TTACSGIEAQVHRSCQCHKSTFFFAGWDLGSHSAY,0,study_K00,clust_021,synthetic,Homo_sapiens,PDB_5752,emb_0310,2020-04-07,0.4860929886495193
pep_0478,STDSYLHEYFMALSAGTMC,1,study_B01,clust_026,literature,Mus_musculus,PDB_7384,emb_0478,2022-07-22,0.237524501195139
pep_0904,PYYMTFHGHEETMWKILLSSPKA,0,study_S00,clust_068,synthetic,Rattus_norvegicus,PDB_0068,emb_0904,2020-12-25,0.182082163492691
pep_0412,NISAWCFIEDDKHNSSLFMTFNVERER,1,study_D01,clust_043,synthetic,Escherichia_coli,PDB_6702,emb_0412,2025-12-13,0.3542821150517338
pep_0631,WLKHESYDRCLRGNSHYKRTQMEPFMVCDSHQVLNQYH,0,study_M00,clust_033,synthetic,Unknown,PDB_0033,emb_0631,2018-12-07,0.1437699099235081
pep_0944,PYYMTFHQHEETMWKILLSSVKA,0,study_Q00,clust_068,synthetic,Rattus_norvegicus,PDB_0068,emb_0944,2020-02-17,0.1698651849404092
pep_0371,MGNFAIFDSNDNKHCIITR,0,study_Y00,clust_008,internal_db,Homo_sapiens,,emb_0371,2020-07-15,0.3431918524915915
pep_0275,NGHKLVPLCNFENSRWWQCNV,0,study_M01,clust_007,synthetic,Escherichia_coli,PDB_6079,emb_0275,2019-08-08,0.4033866288412168
pep_0980,SKIVICKTGCIFPWMDRTTIRKVFFLLWV,1,study_C00,clust_047,synthetic,Rattus_norvegicus,PDB_8457,emb_0980,2023-09-11,0.5208584121817658
pep_0201,PGCFVHYRSKCDCYDKSESY,0,study_Z00,clust_036,synthetic,Unknown,PDB_9407,emb_0201,2020-05-05,0.1949409753875841
pep_0734,GCCRILMQGVYRKDHEGSNTYSDGNEQTNFILDYI,0,study_F00,clust_064,synthetic,Mus_musculus,PDB_6763,emb_0734,2022-10-17,0.6596155236653468
pep_0404,ENENCIMIAWEMHITVALCEIGCRFMDVDPMWHVMQG,1,study_Y00,clust_042,literature,Unknown,PDB_8688,emb_0404,2024-07-27,0.3530129114486605
pep_0277,VDSKQQIGLIGRTGMHPWM,1,study_G01,clust_077,literature,Mus_musculus,PDB_4669,emb_0277,2022-02-08,0.0660698714757816
pep_0007,PFQDALCRGEMAMLMPSSVHIACRWCA,0,study_X00,clust_059,synthetic,Rattus_norvegicus,,emb_0007,2023-03-22,0.4817971712977604
pep_0199,PTVVHRCFSQIFCQWALSHRHIDQLKMTS,0,study_O00,clust_075,synthetic,Homo_sapiens,PDB_0075,emb_0199,2022-04-04,0.1197840881275947
pep_0758,ICVCEYFVNVPLFVLKDNCATAETKMMQGY,1,study_Z00,clust_009,synthetic,Rattus_norvegicus,PDB_0009,emb_0758,2022-03-27,0.7314609457850478
pep_0091,TTACSGIEAQVHRSCQCHKSTFFFAGWDLGSHSAY,0,study_J00,clust_021,literature,Rattus_norvegicus,PDB_0021,emb_0091,2021-11-06,0.4993901764562162
pep_0391,PYYMTFHQHEETMWKILLSSVKA,0,study_S00,clust_068,synthetic,Rattus_norvegicus,PDB_0068,emb_0391,2023-01-20,0.1698651849404092
pep_0970,EDWQGAHFTRELSFHCTIR,1,study_I00,clust_078,internal_db,Unknown,PDB_0078,emb_0970,2024-09-10,0.0748437888571757
pep_0646,HPGTEMRGLLFPNCFGAQWPDMKLGMFQDDLDMMM,0,study_W00,clust_067,literature,Rattus_norvegicus,PDB_0067,emb_0646,2019-03-18,0.444536748380404
pep_0047,LGNFIGFDVHLAQNYAKFDKRQFKNI,1,study_C01,clust_001,uniprot,Mus_musculus,PDB_0001,emb_0047,2022-03-08,0.4583709136638446
pep_0172,HIDAAEQIGHRAMEVQTDEQWYPCRL,0,study_A01,clust_032,internal_db,Homo_sapiens,PDB_8586,emb_0172,2019-03-18,0.1204062224319424
pep_0167,LWMPMTTPERLYRWRIAYYAGY,0,study_Y00,clust_049,synthetic,Homo_sapiens,PDB_9200,emb_0167,2018-05-10,0.4661906803094023
pep_0503,TANLVENQQPHHTGEIVDNAVH,1,study_M00,clust_055,uniprot,Mus_musculus,PDB_0055,emb_0503,2022-03-21,0.4484357544083368
pep_0703,AVNRWMWYRGQNPKRTRYWMITCF,1,study_E01,clust_079,literature,Escherichia_coli,,emb_0703,2022-09-14,0.2543520484638655
pep_0359,CPGTEMRGLLFPTCFGAQWPDMKLGMFQADLDMMM,1,study_H01,clust_067,uniprot,Bos_taurus,,emb_0359,2020-04-19,0.4261761097403305
pep_0951,GWDAAEQIRHMGMEVQTDEQWYPCRL,0,study_L00,clust_032,uniprot,Bos_taurus,PDB_3795,emb_0951,2025-01-10,0.1647360832732793
pep_0597,EDGQECFIYLEESRYECWVQFSIS,0,study_K00,clust_016,internal_db,Homo_sapiens,PDB_0016,emb_0597,2018-03-29,0.4131583176483588
pep_0004,SKIVISKTGCIFRWMSRTTIRKVFFLLWV,1,study_O00,clust_047,synthetic,Unknown,PDB_0047,emb_0004,2019-04-01,0.382080287073119
pep_0835,YYRMINHDFFGFLMKTPVFHQKSFPHEYCD,1,study_J00,clust_074,internal_db,Unknown,,emb_0835,2019-09-28,0.283845939980452
pep_0759,IWLQHNQCMPRDDCYALHRSVDMCLTQMH,0,study_C01,clust_006,internal_db,Escherichia_coli,,emb_0759,2022-03-24,0.5580680044391032
pep_0977,EDGDEKCIYLEESRYECWVQFSIS,0,study_L01,clust_016,literature,Homo_sapiens,PDB_8416,emb_0977,2018-01-03,0.4719149864812159
pep_0384,QGGFAIFDSNDNKHCIITR,1,study_D00,clust_008,internal_db,Bos_taurus,PDB_7408,emb_0384,2019-05-19,0.2873208723768048
pep_0502,EDGCEKFIYLEESDYTCWVQFSIS,0,study_D01,clust_016,uniprot,Unknown,PDB_2372,emb_0502,2022-11-15,0.3777647699487248
pep_0302,IFNSARFKMPTFAHKEWRSYTYCP,0,study_P00,clust_053,synthetic,Homo_sapiens,,emb_0302,2018-05-04,0.4300060479034617
pep_0329,HVKYVYAWFQMIRAPKEFCMRADDKNDYGWSW,0,study_H01,clust_024,uniprot,Bos_taurus,PDB_0024,emb_0329,2023-04-19,0.4182441773572409
pep_0032,REDYDPTGHWCAPYHRMFRY,0,study_B01,clust_022,literature,Homo_sapiens,PDB_6180,emb_0032,2022-09-23,0.2537289124832227
pep_0413,STGFEAWFLMSWWCHQAVA,0,study_J00,clust_011,literature,Rattus_norvegicus,PDB_4643,emb_0413,2019-04-21,0.4846002128847188
pep_0986,EMENCIMIAWEMHATGALCEIGCRFMDVDPMWHVMQG,0,study_L00,clust_042,synthetic,Escherichia_coli,PDB_0042,emb_0986,2023-04-22,0.4970793833370634
pep_0157,YSVCEYFVNVPLFVLKDNCAGAETKDMQGY,1,study_B00,clust_009,synthetic,Homo_sapiens,PDB_0009,emb_0157,2023-04-25,0.5814804245824056
pep_0809,WRTAYMVNDSRDYHMFEWFDPWLSLEHSHEWVPLGDLRHS,0,study_K01,clust_025,synthetic,Unknown,PDB_0025,emb_0809,2024-06-15,0.2394096362612768
pep_0076,YCWWCNWWMGLHGVEIGRQYVVCR,0,study_G00,clust_004,synthetic,Mus_musculus,PDB_4797,emb_0076,2021-01-21,0.5683616429340052
pep_0098,KYFSHIFRVACWYSTYCNQPVGVWY,1,study_W00,clust_069,synthetic,Escherichia_coli,,emb_0098,2021-06-15,0.2293841315611973
pep_0971,LMFFVCMMYSFWLNGYAGKACMSGIHY,1,study_Q00,clust_072,synthetic,Unknown,PDB_0072,emb_0971,2021-12-18,0.1272524406251729
pep_0182,TWYCDHYKAYGWPVGTPFNERCYRE,1,study_T00,clust_051,literature,Unknown,,emb_0182,2024-08-31,0.4822353248828535
pep_0933,GCCRILMQGLQRKDHEGSNTYDDGNEQPNEILDYI,0,study_P00,clust_064,internal_db,Bos_taurus,,emb_0933,2023-06-10,0.4919284484530546
pep_0378,YRPMESHHAVKCRVNNASPSRLFSSGNGCQ,1,study_O00,clust_071,uniprot,Homo_sapiens,PDB_0071,emb_0378,2023-03-26,0.1863525161437981
pep_0666,PSVDVLDNYAMNQWQTPGEHPTEYHEP,0,study_C01,clust_030,internal_db,Unknown,PDB_1028,emb_0666,2022-05-06,0.0
pep_0615,GSFYKLYKLTSTYFCYNDRV,0,study_T00,clust_048,synthetic,Mus_musculus,PDB_6955,emb_0615,2021-10-18,0.3163199362388745
pep_0058,PTVVHRCFSQIFCEWALSYRHIDQLKMTS,1,study_I00,clust_075,synthetic,Escherichia_coli,,emb_0058,2018-11-29,0.1655717312182697
pep_0537,TWYCDHYKAYGWPVGLPSNMRCYRE,0,study_N01,clust_051,synthetic,Escherichia_coli,PDB_0051,emb_0537,2020-01-14,0.4663527666684835
pep_0626,IVEVQVRIAYPYDDYEHTHGWSYMK,0,study_H01,clust_073,uniprot,Homo_sapiens,PDB_0073,emb_0626,2020-07-24,0.1398708904949829
pep_0774,KMHSPVYLAHQLEKAVHWLFDLCENRCPQLENLETGH,1,study_N01,clust_062,literature,Unknown,,emb_0774,2023-09-13,0.5449370988507913
pep_0114,TDNILLLLEWPVWIHQWRDKWVQPFTNSHEHWSFDHSFE,1,study_L00,clust_061,internal_db,Rattus_norvegicus,PDB_9925,emb_0114,2019-02-12,0.5827787218573761
pep_0177,YCVCEYFVNVPLFVLKDNCATAETKDMQGY,0,study_Z00,clust_009,synthetic,Rattus_norvegicus,PDB_0009,emb_0177,2019-09-02,0.6689060475354565
pep_0792,EASDEKRGQLATFINFQQANNMWHEFGWG,1,study_O00,clust_017,uniprot,Rattus_norvegicus,PDB_6628,emb_0792,2022-04-20,0.385501983643885
pep_0395,HMGAGGCCIQWGQDSTFYCNYCTTGDQLQLIKLWVQLK,1,study_Z00,clust_015,synthetic,Mus_musculus,PDB_3697,emb_0395,2022-08-20,0.5000354543581047
pep_0134,LCEELPPSPKFFRLATAVKKMIINQGSQKFRWVRHPSHA,1,study_A01,clust_010,uniprot,Escherichia_coli,PDB_3134,emb_0134,2022-07-28,0.4895063527903346
pep_0949,SRLVWWPVADCDHRFWSWGVLIETAIDHSQPEFVYYVFA,0,study_M01,clust_070,internal_db,Rattus_norvegicus,PDB_5991,emb_0949,2024-12-26,0.3085162534114146
pep_0123,GCCRILMQGNQNKDHEGSNTYDDGNEQTNEILDYI,0,study_C00,clust_064,literature,Escherichia_coli,PDB_0064,emb_0123,2018-09-16,0.5250536227059214
pep_0678,IVEQQVRIAYPYDDYEHTCGWSYMK,1,study_V00,clust_073,uniprot,Rattus_norvegicus,PDB_9377,emb_0678,2024-12-13,0.2558339760272006
pep_0411,THPWDKRRANHLSKGNLMKGCMDFGKLWNASDGWPAQNQ,0,study_B00,clust_031,synthetic,Unknown,,emb_0411,2024-03-18,0.3102611887179277
pep_0332,ARTAYMVNDQQDYHMFEWFDPWLSLQHSHEWVPLCDLRHS,1,study_W00,clust_025,literature,Rattus_norvegicus,PDB_0025,emb_0332,2024-07-30,0.2524605770357109
pep_0373,GVFALEEHFAEGVLLPKCSNAPSNWKQGACVNQM,0,study_W00,clust_058,literature,Rattus_norvegicus,PDB_1685,emb_0373,2025-03-18,0.4277074011285244
pep_0012,PTVVHRPFSQIFCEWALSLRHHDQLKMTS,0,study_D00,clust_075,synthetic,Escherichia_coli,PDB_8750,emb_0012,2024-05-02,0.1546002777258015
pep_0422,HMGYGGCCIQWGQDSVFECNYCTTGDQLQLIKLWVQLK,1,study_E00,clust_015,uniprot,Homo_sapiens,PDB_0015,emb_0422,2022-05-07,0.5293902987544892
pep_0500,LCEELPPSPKFFRLATAVKKMIINQGSQKFRWVRHPSHA,1,study_L00,clust_010,synthetic,Mus_musculus,PDB_6793,emb_0500,2022-04-06,0.6062670302776566
pep_0796,DVIFEQPRYMVKDQLIQESIEDHMMH,1,study_C01,clust_028,synthetic,Rattus_norvegicus,,emb_0796,2019-06-30,0.1810590388755111
pep_0283,WFGRWNFFIKMKKICAVTFM,0,study_D01,clust_057,uniprot,Escherichia_coli,PDB_9799,emb_0283,2023-06-12,0.3553830271575104
pep_0764,TWYCDHDKAYGWPIGTPSNRRCYRE,1,study_P00,clust_051,synthetic,Homo_sapiens,PDB_0051,emb_0764,2022-12-31,0.4943007988218543
pep_0369,WLKHESYDRHLRGNSHYKRTQMKPFMVCDSHQVLNQYH,1,study_I00,clust_033,uniprot,Bos_taurus,,emb_0369,2022-06-06,0.1487963480825457
pep_0082,NPIGWTMEDMQRQPPDHWQT,0,study_I01,clust_029,uniprot,Homo_sapiens,,emb_0082,2023-06-24,0.0915607513558905
pep_0311,SGHLLYPLCNFENSRWWLCNV,1,study_A00,clust_007,literature,Rattus_norvegicus,PDB_1832,emb_0311,2018-07-16,0.2962645682443042
pep_0284,GFQGQWKHTTACQIRIDKTLHSCQKTENMRRIN,0,study_J00,clust_039,literature,Unknown,,emb_0284,2019-10-02,0.406820020972068
pep_0546,MHGGFRDYVQMNMCIPHYSWQAMRQFEVKTMNWFMLGTCT,0,study_J00,clust_066,literature,Unknown,PDB_0066,emb_0546,2024-06-06,0.5144403027854313
pep_0990,QTDSYLHEYYMACSAGTMC,0,study_L01,clust_026,uniprot,Mus_musculus,PDB_0026,emb_0990,2018-01-03,0.1305018900020646
pep_0337,PYYMTFHQHEETMWKILLSSVKA,0,study_F00,clust_068,literature,Escherichia_coli,,emb_0337,2024-10-11,0.1673530975516576
pep_0992,WQNQMENYKRVLFRRVGLHGTNKNRKYKPFWNVIW,0,study_L01,clust_002,synthetic,Escherichia_coli,PDB_7763,emb_0992,2020-05-20,0.4837166304442996
pep_0451,NISAWCFREDDKHNSSLFMTFNIERER,0,study_W00,clust_043,internal_db,Escherichia_coli,,emb_0451,2025-04-04,0.25543135618245
pep_0471,GIDTAEQIGHRVMEVQTDEQWYPCRL,0,study_S00,clust_032,uniprot,Homo_sapiens,,emb_0471,2018-10-02,0.1829031749478317
pep_0377,GVSYVESHEHPFNIGESA,0,study_B01,clust_046,uniprot,Bos_taurus,,emb_0377,2021-05-30,0.343264888116294
pep_0587,GVFALERHHAEGVLLPKCSNAPSNWKQGACVNQM,0,study_W00,clust_058,synthetic,Bos_taurus,PDB_0058,emb_0587,2019-06-17,0.6181098971905641
pep_0860,TWICDHYKAYGGNVGTPSNMRCYVE,1,study_J00,clust_051,synthetic,Mus_musculus,PDB_5704,emb_0860,2022-04-23,0.3541419468443554
pep_0195,FLYFCTQKISAYEIMTTAWRMIYCTQITAENFRNFNILW,0,study_I00,clust_012,synthetic,Bos_taurus,PDB_0012,emb_0195,2022-09-02,0.588861348952358
pep_0512,RFGYNNFFIKMKKICAVTFM,0,study_W00,clust_057,uniprot,Unknown,PDB_7547,emb_0512,2023-07-02,0.3444799892075317
pep_0972,LCEELPPSPKFFRLATAVKKMIINQGSQKKRLVRHPSHA,1,study_C01,clust_010,uniprot,Mus_musculus,,emb_0972,2020-08-10,0.7344679175035317
pep_0174,VDSKQQIGPIGRTGMHPWM,0,study_P00,clust_077,internal_db,Bos_taurus,PDB_2445,emb_0174,2020-05-11,0.0754599670880426
pep_0296,NPIHWTMEDMQCQPPDNNQT,0,study_J01,clust_029,internal_db,Homo_sapiens,PDB_2851,emb_0296,2025-02-28,0.2075635186918786
pep_0101,LWMPMTTPERLYRWRIQYYAGY,1,study_W00,clust_049,synthetic,Homo_sapiens,,emb_0101,2024-11-03,0.3823210483962282
pep_0562,GVSYVTSHTHPFNIGESA,1,study_T00,clust_046,uniprot,Escherichia_coli,PDB_1034,emb_0562,2020-05-30,0.3911448465075997
pep_0418,ARTAYMVNDQQDYHMFEWFDPWLSLQHSHRWVPLCDLRHS,1,study_C00,clust_025,uniprot,Homo_sapiens,PDB_7749,emb_0418,2023-08-23,0.3937627823860091
pep_0925,NHSMCCICWCPPRVTFNQYAVKGDR,1,study_L01,clust_076,uniprot,Bos_taurus,PDB_7177,emb_0925,2020-04-03,0.2127597740218916
pep_0850,AGRVGFSRYGFYVFTKPIIWNQNKAQSHK,1,study_J01,clust_056,uniprot,Bos_taurus,,emb_0850,2025-02-08,0.5795242302017198
pep_0839,FFGYECVFYYARNPWWSWTQDRTKMPEHMPWLSHLARPQS,0,study_U00,clust_013,uniprot,Homo_sapiens,,emb_0839,2018-05-01,0.5975233427854281
pep_0817,EDGDEKCIYLEESRYECWVQFSIS,0,study_L01,clust_016,literature,Homo_sapiens,PDB_8416,emb_0817,2021-05-14,0.4719149864812159
pep_0243,YRPMESHHAVKCRVNCASPSRLFSSGTGCQ,0,study_Q00,clust_071,uniprot,Rattus_norvegicus,PDB_4376,emb_0243,2021-05-27,0.2602275031427183
pep_0930,AVNRWMFQRGQNHIRTRYWMITCF,1,study_V00,clust_079,internal_db,Homo_sapiens,PDB_9603,emb_0930,2023-09-20,0.139220389821247
pep_0623,KMHSPVYLAHQLEKAPHWLFYLCQNRCPQLENLETGH,0,study_E00,clust_062,literature,Unknown,,emb_0623,2024-04-03,0.606413158066179
pep_0716,LWMPATTPERLYRWRIQYYAGY,1,study_W00,clust_049,synthetic,Homo_sapiens,,emb_0716,2022-06-01,0.3613533898256299
pep_0286,EVCRREVTRFVCVHAIQCSKQCN,1,study_Y00,clust_019,synthetic,Unknown,PDB_7918,emb_0286,2025-01-09,0.3315192509993532
pep_0096,EDCLWWPECMPQWELRMTTRQWNTCLIWMMTGSQAW,1,study_J01,clust_052,uniprot,Rattus_norvegicus,PDB_0052,emb_0096,2024-11-05,0.4848540548485495
pep_0476,NHSMCCICWCAPRVTFNQYAVKVDR,1,study_G01,clust_076,literature,Escherichia_coli,PDB_2513,emb_0476,2021-05-28,0.0480681989624495
pep_0491,YSWSSKDLCDPTIRTNRKEHIWERKI,1,study_Q00,clust_054,uniprot,Rattus_norvegicus,PDB_8420,emb_0491,2022-11-03,0.553300246306787
pep_0728,SRLVWWPVADRWHRFWSWGFLIEVAIDHSQPEFVYYVFQ,1,study_D00,clust_070,literature,Rattus_norvegicus,,emb_0728,2020-01-14,0.3128367730581297
pep_0636,NFDQRPAQCIFSTKGQKNHSTFYI,0,study_D01,clust_003,internal_db,Mus_musculus,PDB_9051,emb_0636,2019-09-26,0.3462026472087386
pep_0355,CSQTWAMKLDYQDVCLIHDVRAFRSQANEGCTFLLCWR,1,study_H00,clust_034,internal_db,Homo_sapiens,PDB_0034,emb_0355,2025-05-14,0.338169282567149
pep_0419,TTACSGIEAQVHRSFQCHKSGFFFAGWDLGSHSAY,1,study_X00,clust_021,literature,Escherichia_coli,PDB_0021,emb_0419,2018-12-12,0.3490428625684662
pep_0595,YCVCEDFVNVPLFVLKDNCAGAERKDMQGY,1,study_R00,clust_009,literature,Bos_taurus,PDB_2708,emb_0595,2022-03-02,0.7031419566181142
pep_0674,GVFALEETFAEGTLLPKCSNAPANWEQGACVNQM,1,study_K00,clust_058,synthetic,Homo_sapiens,PDB_0058,emb_0674,2021-02-21,0.7294668431229332
pep_0221,CSQTWAMKLDYQDVCLIHDVRAFRSHAAEGCTFLLCWR,1,study_K01,clust_034,literature,Mus_musculus,PDB_0034,emb_0221,2023-09-16,0.4098501556159745
pep_0289,GIAAAEQIGHRGMEVQTDEQWYPCRL,0,study_G00,clust_032,synthetic,Mus_musculus,PDB_0032,emb_0289,2024-03-28,0.1117993703964676
pep_0274,IKHAFVMLTHQVLAHEEFD,1,study_X00,clust_014,internal_db,Mus_musculus,PDB_9329,emb_0274,2018-12-14,0.3282731200317984
pep_0335,TTACSGIERQVHRSCQCHKSTFFYAGWDLGSHSAY,0,study_G00,clust_021,internal_db,Homo_sapiens,PDB_0021,emb_0335,2025-03-28,0.4302686837540174
pep_0856,MGEFAIFDSNDEKHCKITR,1,study_F01,clust_008,synthetic,Rattus_norvegicus,,emb_0856,2021-02-02,0.4221411671469914
pep_0440,GVSYVESHTHPFNIGSSA,1,study_I01,clust_046,uniprot,Escherichia_coli,PDB_0046,emb_0440,2022-12-22,0.3119888242365714
pep_0656,EDWQCPWFTRRLSFHCTIR,0,study_K00,clust_078,literature,Rattus_norvegicus,,emb_0656,2022-07-02,0.0176485611005755
pep_0409,HPGTEMTGLLFPTCFGAQWPDMCLGMFQDDLDMMM,0,study_F00,clust_067,uniprot,Escherichia_coli,,emb_0409,2024-10-18,0.4437235658245491
pep_0643,YQESQVHFYPAPPMQPLDV,0,study_E00,clust_018,literature,Mus_musculus,,emb_0643,2025-07-25,0.2364163535125655
pep_0982,AGRVGFSRYGFYVFIKPIAWNQNKAQSHH,0,study_D01,clust_056,uniprot,Bos_taurus,PDB_8156,emb_0982,2023-02-24,0.5184420259343099
pep_0579,EDGCEKFIYLEEQRYEKWVQFSIS,0,study_K00,clust_016,literature,Bos_taurus,PDB_5261,emb_0579,2025-07-29,0.350836384365092
pep_0385,PGCFVHYRSKCDCYDKSESY,0,study_N01,clust_036,uniprot,Mus_musculus,,emb_0385,2024-12-15,0.0
pep_0372,YCWWCNWWMGLHGREIGDQYVVCR,0,study_D00,clust_004,uniprot,Bos_taurus,PDB_0004,emb_0372,2021-10-26,0.4219923842179393
pep_0630,EASDEKVAQFGTFINFQQANNMNHEFGWG,0,study_E01,clust_017,uniprot,Rattus_norvegicus,PDB_1077,emb_0630,2025-05-08,0.4899883812212431
pep_0398,WFGRNKFFIKMSKICAVTFM,1,study_T00,clust_057,synthetic,Rattus_norvegicus,PDB_0057,emb_0398,2018-08-19,0.3419965873826962
pep_0741,YERMTNHDFFGFLMKTPNFHQKSFVVEYCD,0,study_F01,clust_074,uniprot,Mus_musculus,,emb_0741,2021-09-22,0.2826476504490472
pep_0183,YERMINHDFFGFLMKTPVFHQKSFVHEYCD,1,study_A00,clust_074,internal_db,Unknown,,emb_0183,2025-09-19,0.2497430710201404
pep_0218,LWMPMTTPERLYQWRIAYYAGY,1,study_H01,clust_049,uniprot,Mus_musculus,PDB_0049,emb_0218,2018-08-03,0.314270062697196
pep_0779,GVFALEETFAEGTLLPKCSNAPPNWEQGACVNQM,0,study_K00,clust_058,synthetic,Homo_sapiens,PDB_0058,emb_0779,2020-08-25,0.7486972892959906
pep_0102,HVGAGGCCIWWGQDSTFECNYCTTGDQLQLIKLWVQLK,0,study_M01,clust_015,literature,Bos_taurus,PDB_4039,emb_0102,2021-01-29,0.5974956216270986
pep_0045,GFFGDYHCPWRMNPAHPPYGKNEGDNRQYPTWFIHQMDEL,0,study_I01,clust_050,internal_db,Escherichia_coli,PDB_8517,emb_0045,2023-09-02,0.5749570401268734
pep_0487,YRPMESHHAVKCRVNCASPSRLFSSGTGCQ,0,study_D00,clust_071,literature,Unknown,,emb_0487,2022-09-16,0.1660377230258805
pep_0937,TTACSGIEAQVHRSCQCHKSTFFFAGYDLGSHSAY,1,study_C00,clust_021,uniprot,Rattus_norvegicus,PDB_0021,emb_0937,2022-08-02,0.477669857136298
pep_0830,WFGRGNFFIKMIKICAVTFM,0,study_D01,clust_057,uniprot,Escherichia_coli,PDB_9799,emb_0830,2020-07-23,0.4035911063089696
pep_0825,GVFALEEHRAEGVLLPKKSNAPSRWKQGACVNQM,1,study_O00,clust_058,literature,Rattus_norvegicus,PDB_1151,emb_0825,2020-02-11,0.5870606290911298
pep_0124,GFQGQWKHTTACQIRIRKTLTSCQKTENMRRIM,1,study_E00,clust_039,internal_db,Mus_musculus,PDB_5642,emb_0124,2019-11-27,0.401539502188467
pep_0786,GCCRILMQGVDRKDHEGSNTYDDGNEQDNEILDVI,1,study_A00,clust_064,literature,Bos_taurus,PDB_0064,emb_0786,2021-12-16,0.4186769000255291
pep_0668,ENENCIMIAWEMLATVALCEIGCRFMDVDPWWHVMQG,1,study_Y00,clust_042,uniprot,Mus_musculus,PDB_4510,emb_0668,2024-12-26,0.4343523480614841
pep_0633,YQESQVHFYPAPPMQPLDV,0,study_Y00,clust_018,internal_db,Bos_taurus,,emb_0633,2023-04-03,0.5137259903851523
pep_0070,WQNQMENYKRVYFRRVGLHGTNKNRKYKPFWSVIW,1,study_V00,clust_002,literature,Homo_sapiens,PDB_2750,emb_0070,2021-03-27,0.5120355026878337
pep_0744,RETIFQGFHDVFMIPQFERWLQGRFVCNTRVMG,1,study_T00,clust_060,uniprot,Bos_taurus,PDB_0060,emb_0744,2025-01-10,0.5310493778633225
pep_0145,ELPICASKSTGFGEAMVTADKMKMYPNIHLVI,1,study_C01,clust_035,literature,Escherichia_coli,PDB_5114,emb_0145,2021-04-08,0.0080488224874959
pep_0308,PFQDALCRGEMAMLMPSSVHIACRWCA,1,study_F01,clust_059,uniprot,Rattus_norvegicus,PDB_0059,emb_0308,2023-11-10,0.5106372110574191
pep_0394,NPIHWTMEDMQRQPPDNWQT,0,study_Y00,clust_029,internal_db,Escherichia_coli,,emb_0394,2019-03-01,0.1841687869615761
pep_0808,FKTEVKYVHDVSKWLCGPYPLFEM,1,study_N00,clust_045,synthetic,Escherichia_coli,PDB_3358,emb_0808,2023-11-05,0.2091017172125549
pep_0916,FCMFMEVWTRMTWDTHAWTQTLPCKTCCWQIMDECEY,1,study_B00,clust_038,uniprot,Bos_taurus,PDB_0038,emb_0916,2018-03-04,0.3673723281575472
pep_0383,GVSYVESHTHPFNIGESA,0,study_G01,clust_046,literature,Escherichia_coli,PDB_7668,emb_0383,2018-02-03,0.2843242497015326
pep_0859,VCLWSKWAIKVTERLQKTCLRFMYNWIAN,1,study_L00,clust_044,internal_db,Escherichia_coli,,emb_0859,2025-09-19,0.3228824019791045
pep_0890,STGFWAWFLDSWTCHQCVA,1,study_E01,clust_011,literature,Homo_sapiens,,emb_0890,2021-07-14,0.3567193631752717
pep_0304,SFDNENAHNDQEHRRNKMKGSQQ,0,study_F00,clust_065,internal_db,Homo_sapiens,,emb_0304,2021-07-06,0.1597912308415229
pep_0962,TWYCDHDKAYGWPIGTPSNRRCYRE,1,study_A00,clust_051,synthetic,Homo_sapiens,PDB_0051,emb_0962,2025-11-17,0.462929887617388
pep_0577,MHGGFRDYVQMNMCIPHYSWQAMRQFEVKTMNWFMLGTCT,0,study_H00,clust_066,internal_db,Mus_musculus,PDB_3475,emb_0577,2025-08-11,0.491446584023226
pep_0815,DIDAAEFIGHRGMEVQTDEQWYPCRL,0,study_N01,clust_032,uniprot,Mus_musculus,,emb_0815,2019-07-07,0.2499129000320729
pep_0881,WFQGQWKHTTACQIRIDKELHSCQKTEDMRRIN,1,study_M01,clust_039,literature,Unknown,,emb_0881,2020-06-13,0.3639097867285767
pep_0964,GVFALEETFAEGTLQPKCSNAPANWEQGACVNQM,0,study_K00,clust_058,synthetic,Homo_sapiens,PDB_0058,emb_0964,2020-09-10,0.7216143390770317
pep_0279,LGIFIGFDVHLAQFYAKFDKRQFKNI,0,study_L00,clust_001,internal_db,Escherichia_coli,PDB_7983,emb_0279,2019-10-08,0.2977887834782279
pep_0295,FQICHIDFIIFPLVRVVN,0,study_Q00,clust_063,synthetic,Mus_musculus,,emb_0295,2019-05-02,0.4468030362823931
pep_0642,FCMFMEVWTRMTWNAHAWTQTLPFCTCCWQIMGECEY,1,study_K01,clust_038,literature,Escherichia_coli,,emb_0642,2021-03-28,0.4755044356830677
pep_0510,REDYDPTGHWCAPYHRMFRY,0,study_I01,clust_022,internal_db,Bos_taurus,PDB_1533,emb_0510,2018-04-25,0.2645027916790257
pep_0374,HMGAGGCCIQWGQDSTFECNYCTTGDQLQLIKLWVQLK,0,study_K01,clust_015,uniprot,Homo_sapiens,,emb_0374,2018-10-10,0.5608288961253467
pep_0175,ELPICASKSTGFGEAMVTACKGKMYPNIHLVI,1,study_G00,clust_035,internal_db,Unknown,PDB_0035,emb_0175,2019-05-24,0.2392181278558386
pep_0879,TSQTWAMKLDYQIVCLIHDVRRFRSHAAEFCTFLLCWR,1,study_U00,clust_034,literature,Mus_musculus,PDB_0034,emb_0879,2020-07-07,0.3822305223388219
pep_0092,ENENCIMIAWEMHATVALCEIGCRFMDVFPMWHVMQG,1,study_D01,clust_042,synthetic,Escherichia_coli,,emb_0092,2018-01-07,0.5598292348362177
pep_0844,SWEKMPIECVMVNAMSHWKRCLMTQMSEGVKT,0,study_W00,clust_080,literature,Mus_musculus,PDB_2747,emb_0844,2024-08-31,0.2981763954087776
pep_0959,CSQTWNMWLDYQDVCLIHDVRAFRSHAAEGCTFLLCWR,1,study_H01,clust_034,synthetic,Homo_sapiens,,emb_0959,2022-07-28,0.3848517051610427
pep_0008,SWEKMPHECVMVNAMSHWKRCLMTGMSEGVKT,0,study_J00,clust_080,internal_db,Rattus_norvegicus,,emb_0008,2024-01-25,0.3711414659574428
pep_0767,NISAWCFIEDDKHNSSLFMTFNVEREF,1,study_D01,clust_043,synthetic,Escherichia_coli,PDB_6702,emb_0767,2022-08-01,0.3472740355461888
pep_0428,EASDEKRAQFATIINFQQANNMNHAFGWG,1,study_L01,clust_017,internal_db,Bos_taurus,,emb_0428,2024-05-11,0.5282941950870235
pep_0867,VCRWSKWAIKCSSRLIKCCLRIMYNWIAN,1,study_P00,clust_044,literature,Unknown,PDB_4024,emb_0867,2023-03-22,0.4096538041751181
pep_0909,TTACSGIEAQVHRSCQCHKWTFFFAVEDLESHSAY,1,study_N01,clust_021,synthetic,Bos_taurus,,emb_0909,2023-07-23,0.5654778842440095
pep_0956,AQDQCNFGFPILTSHAEMGCIILNYPTLAAH,0,study_D00,clust_027,uniprot,Rattus_norvegicus,PDB_0027,emb_0956,2021-07-19,0.3443885095331582
pep_0802,HPGTEMRGLLFPTCTGAQWPDAKLGMFQRDGDMMM,0,study_E00,clust_067,internal_db,Rattus_norvegicus,,emb_0802,2021-06-08,0.4731044204503762
pep_0592,SRLVWWPVADRWHRFWSWGFLIETAIDHSQPEFVYYVFQ,0,study_W00,clust_070,synthetic,Escherichia_coli,PDB_0070,emb_0592,2018-03-05,0.3588607957792944
pep_0400,GVFALEEHFAEGVLLPKCSNAPNNWKQGACVNQR,0,study_Y00,clust_058,internal_db,Bos_taurus,PDB_3231,emb_0400,2024-09-24,0.3789821094147444
pep_0215,PHVEEKYVHDVSKWLFQPYPLFEM,1,study_B01,clust_045,literature,Homo_sapiens,,emb_0215,2025-08-15,0.1947759574153635
pep_0333,VCRWSKWAIKCSSWLIKTCLRFMYNWIAN,0,study_D00,clust_044,synthetic,Bos_taurus,,emb_0333,2025-03-15,0.4389009994522016
pep_0816,WLKHESYDDCLRGNSHYKRTQMKPFMVVDSHQVLNQYH,1,study_J00,clust_033,uniprot,Bos_taurus,PDB_9001,emb_0816,2024-04-23,0.3366959495188714
pep_0778,SRLVWWPVADRWHRFWSWGFLIEAAIDHSQPEFVYYVMM,1,study_R00,clust_070,literature,Rattus_norvegicus,,emb_0778,2020-04-22,0.3338134298669631
pep_0461,THPWDKRRANHLSKGNLMKGCMDFIKLWNASDGWPRQNQ,1,study_O00,clust_031,internal_db,Unknown,PDB_3081,emb_0461,2019-02-11,0.22512026420015
pep_0818,KMHSPVYLAAQLEKAPHWLFYLCQNRIPQLENLETGH,0,study_J00,clust_062,internal_db,Homo_sapiens,PDB_2729,emb_0818,2021-09-07,0.5869347506828266
pep_0343,YERMTNHDRFGFLMKTPVFHQKSFVHEACD,0,study_E01,clust_074,literature,Mus_musculus,PDB_7235,emb_0343,2025-07-07,0.199076288524963
pep_0281,KTHSPVYLAHQLEKAPHWLFYLCQNRCPQLENLETGH,0,study_B00,clust_062,synthetic,Bos_taurus,PDB_0062,emb_0281,2020-02-24,0.8080750778237573
pep_0727,YVCRRERTRFFMVHAIQCSKQCN,1,study_D00,clust_019,uniprot,Escherichia_coli,PDB_0019,emb_0727,2022-11-05,0.3547555230828996
pep_0567,IFNSSRFKMPTFTHKEWRTYTYRP,1,study_Y00,clust_053,synthetic,Escherichia_coli,PDB_0053,emb_0567,2023-11-01,0.6401080467251081
pep_0789,TDNILLLLEWPVWSHQWRDKWVQPFTNTHEHWSFYHSFE,0,study_A01,clust_061,uniprot,Homo_sapiens,PDB_6192,emb_0789,2021-12-16,0.6584474538975865
pep_0485,AGRVGFSLYGFYVFIKPIAWNQNKAQSHH,0,study_G00,clust_056,internal_db,Homo_sapiens,PDB_0056,emb_0485,2025-11-18,0.4340753061945719
pep_0392,VCRWSKWAIKCSSRLIKTCLRFMYNWIAN,0,study_J01,clust_044,internal_db,Unknown,PDB_8862,emb_0392,2021-06-26,0.4256619608162867
pep_0173,DMGAGGCCIQWGQDSTFECNYCTTGDQLQLIKLWGQLK,1,study_J00,clust_015,literature,Rattus_norvegicus,PDB_0015,emb_0173,2020-02-08,0.6103924193576551
pep_0639,LGIFIGFDVHLAQFAAKFDKRQMKNI,1,study_L00,clust_001,literature,Escherichia_coli,PDB_0001,emb_0639,2025-06-10,0.2616628300070627
pep_0969,PYYMTFHQHEETMWKILLSSVKA,0,study_U00,clust_068,uniprot,Mus_musculus,PDB_8948,emb_0969,2022-03-24,0.3695482999712668
pep_0089,EDGDEKFIYLEESRYECWVQFSIS,0,study_N01,clust_016,literature,Homo_sapiens,PDB_8416,emb_0089,2024-04-23,0.4783599847039921
pep_0765,ELPICASKSTGFGEAWVTCCKGKMYPNPHLVI,1,study_Z00,clust_035,synthetic,Mus_musculus,,emb_0765,2022-08-17,0.1683178884557361
pep_0785,VCLWSKWAIKCTSRLIKTCLRFMYNWIAN,1,study_L00,clust_044,internal_db,Escherichia_coli,,emb_0785,2020-07-15,0.3217744803067869
pep_0523,MHGGFRDYVQMNMCIPHYSWQAMRQFEVKTMNWFMLGTCT,0,study_B00,clust_066,synthetic,Escherichia_coli,,emb_0523,2022-10-14,0.5762590606924822
pep_0457,LCEELPPSPKFFRLATAVKKMIINQGSQKFRWVRHPSHA,0,study_K01,clust_010,internal_db,Homo_sapiens,PDB_3521,emb_0457,2021-07-10,0.8281286245940239
pep_0169,PYGRHQWPCPPIHWQHCCARTYPPTFRDSSWR,0,study_K01,clust_020,literature,Mus_musculus,,emb_0169,2021-01-08,0.5346431975438718
pep_0488,EDCLWWPECMPQWELRMTTRQWNFCLIWMMTGSQAW,0,study_J00,clust_052,internal_db,Mus_musculus,PDB_7423,emb_0488,2019-08-15,0.511238413275106
pep_0836,SRLVWWPVADRWHRFWSWGFLIETAIDHSQNEFVYYKFQ,1,study_Q00,clust_070,uniprot,Homo_sapiens,,emb_0836,2021-05-25,0.3115656018000776
pep_0211,TDNILALLEWPVWIHQWRDKWVQPFTNSHEHWSFDHSFE,1,study_I01,clust_061,uniprot,Homo_sapiens,,emb_0211,2020-04-01,0.6539632433487875
pep_0893,HPGTEMTGCLFPTCFGACWPDMCLGMFQDCLDMMM,1,study_F00,clust_067,uniprot,Escherichia_coli,,emb_0893,2021-10-07,0.4980929955253247
pep_0872,FVIIHICFDIFPLDRVVN,0,study_A00,clust_063,synthetic,Escherichia_coli,PDB_9721,emb_0872,2024-12-24,0.2247693449200648
pep_0111,IVEVQVRIAYPYDDYEHTHGWSYMK,1,study_F01,clust_073,internal_db,Homo_sapiens,PDB_0073,emb_0111,2019-11-26,0.2499503539058789
pep_0348,PTVVHRCFSQIFCEWALSLLHIDQLKMTS,1,study_G01,clust_075,internal_db,Mus_musculus,,emb_0348,2025-09-04,0.1193437088366289
pep_0065,WFGRNNFFIKMKKICAVTFM,0,study_D01,clust_057,uniprot,Rattus_norvegicus,PDB_0057,emb_0065,2019-11-03,0.3756536194909921
pep_0469,YERMTNHHFFGFLMKTPVFHQKSFIHEYCD,0,study_Y00,clust_074,literature,Bos_taurus,,emb_0469,2024-12-24,0.1517777843870534
pep_0819,SWAWFMTLYLVKNQRVPGHDGLMAVF,1,study_B01,clust_037,internal_db,Homo_sapiens,PDB_0037,emb_0819,2021-08-27,0.2946616539207651
pep_0146,RDRQVKEAVHMSCVLMEYKGWFVVPCFNWGKTWVTSHM,1,study_U00,clust_041,synthetic,Mus_musculus,,emb_0146,2021-07-16,0.2544969733468161
pep_0254,PYRMTFHQHEETMWKILLSSVKA,0,study_B00,clust_068,literature,Escherichia_coli,,emb_0254,2025-02-02,0.3325536421289018
pep_0773,HTGFEAWFLMSWWCHQAVA,0,study_J00,clust_011,literature,Rattus_norvegicus,PDB_4643,emb_0773,2020-01-20,0.4359906098900651
pep_0077,TTACSGIEAQVHRSCQCHKSTFFFAGYDLGSHSAY,1,study_C00,clust_021,uniprot,Rattus_norvegicus,PDB_0021,emb_0077,2019-03-27,0.4440655007530955
pep_0707,EDEQECFIALEESRYECWVQFSIS,0,study_K00,clust_016,internal_db,Homo_sapiens,PDB_0016,emb_0707,2023-08-23,0.4356485787462825
pep_0048,CSQTWAMKLDYKDICLIHDVRAFRSHAAEGCTFLLCWR,1,study_M01,clust_034,uniprot,Escherichia_coli,PDB_5781,emb_0048,2020-05-16,0.4175087717762726
pep_0882,ARYAWMVNDQQDYRMCEPFDPWLSLQHSHEWVPLCDLRHS,0,study_X00,clust_025,uniprot,Rattus_norvegicus,PDB_0025,emb_0882,2020-05-30,0.3601693208811856
pep_0497,GVFALEEHFAFGVLSPKCSNAPSNWKQGACVNQM,0,study_B01,clust_058,internal_db,Bos_taurus,,emb_0497,2024-11-12,0.5505454816297598
pep_0013,DVIFEQPRVMVKDQLIQESIEDHMMH,1,study_E01,clust_028,synthetic,Rattus_norvegicus,,emb_0013,2025-06-07,0.2103097055625007
pep_0739,WLKHESYDRCLRGNSHFKRTQMKPFMVCDSHQVLNQYH,1,study_C00,clust_033,uniprot,Bos_taurus,PDB_9001,emb_0739,2025-06-23,0.3868323212320462
pep_0763,PYCRILMQGVQRKDHEGPNTYDDGNEQTNVILDYI,1,study_R00,clust_064,uniprot,Bos_taurus,,emb_0763,2022-09-23,0.4987826330014688
pep_0290,IWLQHNQCCPRDDCYALHRSVPMCLTQFF,1,study_R00,clust_006,literature,Escherichia_coli,PDB_0006,emb_0290,2023-06-25,0.5148127035034279
pep_0407,ELPICASKSTGLGEAMVTNCKGKMYPNIHLVI,0,study_H01,clust_035,internal_db,Rattus_norvegicus,PDB_0035,emb_0407,2022-05-06,0.1364293001436698
pep_0314,ELPICWSKSTGFGEAMVTACKGKMYPNIHLVI,1,study_I01,clust_035,synthetic,Homo_sapiens,,emb_0314,2019-10-21,0.1938079099131609
pep_0747,LWMPMTTQIRLYQERIAYYAGY,1,study_H01,clust_049,uniprot,Mus_musculus,PDB_0049,emb_0747,2023-04-26,0.3293869432763397
pep_0100,LMFFVCMMYSFWLNGYAGKACMSGIRA,1,study_L00,clust_072,internal_db,Rattus_norvegicus,PDB_1584,emb_0100,2021-08-02,0.1221088025314312
pep_0499,TANLVENQQPHHTGEIVDNAVH,0,study_A01,clust_055,uniprot,Bos_taurus,PDB_5341,emb_0499,2022-05-03,0.3823684989290852
pep_0113,QTISYLHEYYMLLSAGTMC,1,study_D00,clust_026,synthetic,Homo_sapiens,PDB_8403,emb_0113,2022-04-12,0.1555443539759212
pep_0059,GIDAAEQIGHRGMEVQTDEQWYPCRL,0,study_N01,clust_032,uniprot,Mus_musculus,PDB_1997,emb_0059,2018-11-04,0.2412549118374838
pep_0063,TWYCDHYKAYGWPVGTPPNMRCYRE,0,study_O00,clust_051,uniprot,Homo_sapiens,PDB_0051,emb_0063,2019-09-22,0.4800189003761285
pep_0209,TANLVENQQPHHTGEIVDNAVH,1,study_N00,clust_055,uniprot,Homo_sapiens,PDB_5156,emb_0209,2019-10-09,0.4300622783766814
pep_0026,YERMTNHDFFGFLMKTPNFHQKSFVHEYCD,1,study_F00,clust_074,uniprot,Mus_musculus,PDB_2794,emb_0026,2019-04-25,0.3251971896301586
pep_0099,PYGRHQWPCPPIHWQHCCARTYPPTFRDSSWR,1,study_N00,clust_020,internal_db,Bos_taurus,PDB_0020,emb_0099,2019-07-17,0.5210754476420443
pep_0647,DKHAFVMLTHQKLAHDEFD,1,study_E00,clust_014,internal_db,Mus_musculus,PDB_8395,emb_0647,2024-10-07,0.4508186030281124
pep_0041,GFFGDCHCPWRMNPAHPPYGPNEGDNRQYPTWFIHQMDEL,0,study_T00,clust_050,literature,Homo_sapiens,PDB_0050,emb_0041,2018-09-08,0.5982287198851777
pep_0517,WQNQMENYKRVYFRRVGLHGTNKNRKYKPFWSVIW,0,study_O00,clust_002,uniprot,Unknown,PDB_0002,emb_0517,2025-10-05,0.4189705870825886
pep_0430,YCVCEYFVNVPLFVLKDNCAGAETKDMQGY,1,study_G01,clust_009,uniprot,Bos_taurus,PDB_2870,emb_0430,2021-03-01,0.6090867502980489
pep_0580,WQNQMENYKRVYFRRVGLHGTNKNRKYKPFWSVIW,0,study_L01,clust_002,literature,Homo_sapiens,PDB_0002,emb_0580,2019-07-29,0.5678252000138088
pep_0793,NHSMCCICWCPPRVPFNQYHVKVDR,0,study_J01,clust_076,uniprot,Homo_sapiens,,emb_0793,2022-09-14,0.2280799972824189
pep_0136,SWAWFMTLGLPKNQRVPGHDGRITQF,0,study_L01,clust_037,uniprot,Homo_sapiens,PDB_0037,emb_0136,2024-12-13,0.210138970027811
pep_0845,FDRQVKEAVHMSCVLMQYKGWSVVPHFGWGKTWVTSHM,1,study_O00,clust_041,literature,Rattus_norvegicus,PDB_9545,emb_0845,2019-11-18,0.2742270832185935
pep_0757,SRLVWWPVAVRWHRFWSWGQLMETAIDHSQPEFVYYVFQ,0,study_B01,clust_070,synthetic,Rattus_norvegicus,PDB_0070,emb_0757,2019-06-07,0.4921098907505511
pep_0229,HVKYVYAWFTMIRAPKEFCMRADDENDYGWSW,0,study_G01,clust_024,uniprot,Unknown,,emb_0229,2025-12-06,0.4003287874600424
pep_0445,FPGMECVFYTARNPWWSWTQDRTKMPEHMPWDSQLARPQS,0,study_L00,clust_013,literature,Mus_musculus,PDB_0013,emb_0445,2025-08-06,0.6437508861986672
pep_0640,SRLCWWPVADRWHRFWSWGFLIETAIAHSQPEFVYYVFQ,1,study_F00,clust_070,literature,Homo_sapiens,PDB_1797,emb_0640,2020-07-22,0.2284878409607955
pep_0097,WFGRNNFFRKMKKICAVEFM,0,study_L00,clust_057,synthetic,Homo_sapiens,,emb_0097,2021-04-29,0.3312720467294117
pep_0187,KMHSPVYLAHQLEKAPHWLFYLCQNRIPQLENLETGH,0,study_J00,clust_062,internal_db,Homo_sapiens,PDB_2729,emb_0187,2018-06-06,0.6156759424919894
pep_0405,PFQDALCRGEMAMLMPSSVHIACRWCA,0,study_A00,clust_059,synthetic,Rattus_norvegicus,PDB_0059,emb_0405,2020-11-23,0.612294932934157
pep_0900,PGCEVHIRPKCDCYDYSESY,1,study_D00,clust_036,synthetic,Rattus_norvegicus,PDB_2999,emb_0900,2021-10-10,0.1229702513083791
pep_0133,NSSAWCFREDDKHNSSLFMTFNVERER,0,study_S00,clust_043,internal_db,Rattus_norvegicus,PDB_5828,emb_0133,2025-09-24,0.3895381618270461
pep_0140,LCEELPPSPKFFRLATAVKKMIINQGSQKFRWVRHPSHA,1,study_Q00,clust_010,literature,Unknown,PDB_7914,emb_0140,2021-04-29,0.6321128519194091
pep_0482,WLKHESYDRCLRGNSHYKRTQMKPFMVCDSQQVLNQYH,1,study_C00,clust_033,internal_db,Mus_musculus,PDB_0033,emb_0482,2024-06-15,0.2874452459647035
pep_0495,NISAHCFREDDKHNSSLFMTFNVERER,1,study_T00,clust_043,uniprot,Unknown,,emb_0495,2019-03-27,0.3515298600394483
pep_0212,AVNRWMWQRGQNPIRTRYWMITCF,0,study_T00,clust_079,uniprot,Homo_sapiens,PDB_4113,emb_0212,2022-06-03,0.1853516905486074
pep_0545,KMHSPVYLAHQLEKAPHMLFYLCQNRCPQLENLETGH,1,study_J01,clust_062,synthetic,Unknown,PDB_9340,emb_0545,2022-10-25,0.5250238268851676
pep_0085,YRPMESHHAVKCRVNCASPSRLFSSGTGCQ,1,study_F00,clust_071,uniprot,Mus_musculus,PDB_0071,emb_0085,2019-11-17,0.1408281819139328
pep_0207,MGVFAIFDSNDNKHCIIFR,0,study_J00,clust_008,internal_db,Unknown,,emb_0207,2018-12-08,0.3398918484070321
pep_0886,MGVFAIFGSNPNKHCRIDR,0,study_I01,clust_008,uniprot,Homo_sapiens,,emb_0886,2023-09-29,0.3189190065423755
pep_0543,FFGYECVFYTARNPWWSWTQDRTKMPEHMPWDSQLARPQS,0,study_U00,clust_013,uniprot,Homo_sapiens,,emb_0543,2023-08-09,0.5997287400402043
pep_0566,THPWDKRRANHLSKGNLMKGCMDFIKLWNASDGWPRQNQ,0,study_C00,clust_031,synthetic,Mus_musculus,PDB_7343,emb_0566,2020-10-17,0.2434234460915516
pep_0251,WLKHESYDRCLRGNSHYKRTQMKPFMVCDSHQVLNQYH,1,study_J00,clust_033,uniprot,Bos_taurus,PDB_9001,emb_0251,2022-09-06,0.317531178497757
pep_0319,WQNQMENYKRVYFRRVGFHGTYKNRKYKPFWSVIW,1,study_M00,clust_002,internal_db,Homo_sapiens,PDB_0002,emb_0319,2023-11-06,0.4568215575837395
pep_0635,YQESQVHDYPAPPMKPLDV,1,study_M01,clust_018,literature,Escherichia_coli,PDB_0018,emb_0635,2025-11-02,0.3151146704020185
pep_0331,HVKYVYAWFQMIRAPFEFCMRADDENDYGWSW,0,study_A01,clust_024,literature,Unknown,PDB_0024,emb_0331,2021-03-05,0.3776314396620492
pep_0193,GFFGDCHLPWRMNPAHPPYGPNEGDNRQYPTWFIHQMDEL,1,study_J00,clust_050,uniprot,Rattus_norvegicus,PDB_4425,emb_0193,2022-07-20,0.6133809142426869
pep_0534,FLYFCTQKISAYEIMTTAWRMIYCTQITAENFRNFNILW,1,study_Y00,clust_012,internal_db,Bos_taurus,PDB_0012,emb_0534,2023-03-10,0.6001777146311768
pep_0875,GVSYVESHTSPFNIGESA,1,study_Z00,clust_046,synthetic,Mus_musculus,PDB_9636,emb_0875,2025-11-29,0.1039511844414883
pep_0996,PYYMTFHQHEETMWKILLSSVKA,1,study_F00,clust_068,synthetic,Rattus_norvegicus,PDB_0068,emb_0996,2019-08-26,0.1883739478037564
pep_0627,MGVFAIFDSNDNKHCIITR,0,study_H00,clust_008,literature,Escherichia_coli,PDB_8980,emb_0627,2025-06-23,0.3921484226406515
pep_0298,PGCFVHYRSKCYCYDKSESY,0,study_J00,clust_036,uniprot,Escherichia_coli,,emb_0298,2022-12-17,0.0651197910809757
pep_0522,SKIVICKTGCIFPWMSRTTIIKVFFLLWV,0,study_L01,clust_047,literature,Escherichia_coli,PDB_0047,emb_0522,2018-10-05,0.3328664776216807
pep_0236,LQICHICFIIFPLVRWVN,0,study_J00,clust_063,internal_db,Escherichia_coli,PDB_7395,emb_0236,2020-05-31,0.3789335830655967
pep_0810,CIDAAEQIGHRGMEVQNIEQWYPCRL,1,study_D01,clust_032,uniprot,Mus_musculus,PDB_4333,emb_0810,2022-05-30,0.0847410554937742
pep_0038,LMFFVCMMYSFWLNGYAGKACMSGIHY,1,study_M00,clust_072,synthetic,Unknown,PDB_0072,emb_0038,2023-01-02,0.1272524406251729
pep_0452,YVCRREVTRFVCVHAIQCYKQCN,1,study_Z00,clust_019,uniprot,Mus_musculus,PDB_7832,emb_0452,2021-03-09,0.4146539111754321
pep_0462,YCWWCNWWMGKHGVEIFDQYVVCR,1,study_W00,clust_004,literature,Homo_sapiens,PDB_2403,emb_0462,2024-10-20,0.5293276295227108
pep_0516,TTACSLIEAQVHRSCQCHKSTFFFAGWDFGSHSAY,1,study_K01,clust_021,uniprot,Escherichia_coli,PDB_9794,emb_0516,2020-10-06,0.4876438333213378
pep_0853,HPGTYMRDLLFPTCFGGQWPDMKLGMFQRDPDMML,1,study_B01,clust_067,internal_db,Rattus_norvegicus,,emb_0853,2025-11-18,0.3819103713567895
pep_0147,YWMPMTTPERLYTWRIAYYAGY,1,study_E00,clust_049,literature,Unknown,,emb_0147,2019-12-28,0.3685374019621045
pep_0341,PTVVHRCFSQIFCDWKLSLRHIDQLKMTS,1,study_O00,clust_075,uniprot,Bos_taurus,PDB_6517,emb_0341,2024-10-11,0.1133051195208147
pep_0376,TANVVENQQPHHTGEIVDNAVQ,1,study_C01,clust_055,uniprot,Mus_musculus,PDB_4094,emb_0376,2022-01-14,0.3308745042676814
pep_0713,MCCRILMQGVQRKDHEGSNTYDDGNEQTNVILDYI,0,study_U00,clust_064,uniprot,Bos_taurus,,emb_0713,2021-06-25,0.5024451968778328
pep_0429,DTAFLEQLKWYDSTNCAMMFSVVTSIHLCPTGFKQHKQ,1,study_R00,clust_005,literature,Unknown,PDB_2025,emb_0429,2019-01-24,0.6389213743444146
pep_0345,MGVFAIFDSNDNKHCIITR,0,study_N00,clust_008,uniprot,Mus_musculus,PDB_0008,emb_0345,2021-07-20,0.3478888224021921
pep_0682,HENAGGCCIQWGQDSTFECNYCTTGDQLQEIKLRVQLK,0,study_R00,clust_015,synthetic,Homo_sapiens,PDB_0015,emb_0682,2022-02-16,0.6331617537142872
pep_0425,RETIFDGFMGVNAIPQFERWLQGRFVCNTRVMG,1,study_O00,clust_060,synthetic,Mus_musculus,PDB_6631,emb_0425,2025-06-09,0.5149802362671111
pep_0467,GFFGDCHCPWRMNPAHPPYGPNEGDNRQYPTWFIHQMDEL,1,study_E01,clust_050,literature,Bos_taurus,,emb_0467,2018-09-03,0.5243515098352549
pep_0966,RDRQVKEAVHMSCVLMEYKGWFVVPCFNWGKTWVTSHM,1,study_U00,clust_041,synthetic,Mus_musculus,,emb_0966,2025-06-10,0.2544969733468161
pep_0015,ENENCIMIAWEMHATVALCEIGCRFMDVDIMWHVVQG,1,study_H01,clust_042,literature,Homo_sapiens,PDB_0042,emb_0015,2018-07-10,0.3925498299748423
pep_0629,RETIFDGFMGVGMIPQFERWLQGRFVCNTRQMG,0,study_E01,clust_060,uniprot,Rattus_norvegicus,PDB_3196,emb_0629,2018-06-06,0.4093610826620364
pep_0270,EDGCEKFIYLEESRYECWVQFSIS,1,study_I00,clust_016,uniprot,Unknown,PDB_5026,emb_0270,2022-09-10,0.3101116437572471
pep_0987,STGFWAWFLDSWTCHQCVA,0,study_U00,clust_011,literature,Homo_sapiens,,emb_0987,2021-01-13,0.3567193631752717
pep_0438,AVNRWMFQRGQNHIRTRYWMITCF,1,study_V00,clust_079,internal_db,Homo_sapiens,PDB_9603,emb_0438,2021-02-25,0.1433117452940765
pep_0542,PTVVHRCFSQIFCEDALSLRHIIQLKMTS,0,study_V00,clust_075,internal_db,Mus_musculus,PDB_6268,emb_0542,2023-09-16,0.2414511903381156
pep_0780,RDGCIYFVYLEESRYECWVQFSIS,1,study_X00,clust_016,internal_db,Unknown,,emb_0780,2022-09-14,0.530840282364119
pep_0955,NVKNVYAWFQMIRAPKEFCMRADDENDYGWSW,1,study_G01,clust_024,literature,Unknown,,emb_0955,2020-05-31,0.4358035000128691
pep_0745,KDNILLLLEWPVWYHQWRDKWVQPFTNSHEHASFDHSFE,1,study_Z00,clust_061,internal_db,Bos_taurus,,emb_0745,2022-03-10,0.5176439947445077
pep_0862,MGVFRIFDSNDSKHCAITR,0,study_N01,clust_008,literature,Escherichia_coli,PDB_8980,emb_0862,2023-08-30,0.3793111593713121
pep_0001,RDRQVKEAVHMSCVLMEYKGWFVVPHFGWGKTWVTSHM,0,study_C01,clust_041,internal_db,Rattus_norvegicus,PDB_4089,emb_0001,2022-09-08,0.3854341968557327
pep_0024,ARTAYMVNDSQDYHMFEWFDPWLSLQHSHEWVPLCDLRHS,1,study_L01,clust_025,synthetic,Escherichia_coli,PDB_4064,emb_0024,2024-02-12,0.377773375865559
pep_0367,MHGGFRDYVQMNMCIPHYSWQAMRQSEVKTMNWFMLGTCT,1,study_H01,clust_066,synthetic,Mus_musculus,PDB_4857,emb_0367,2018-01-13,0.5221743689408421
pep_0280,EDCLWWPECMPQWELRMTTRQWNTCLIWMMTGSQAW,0,study_H01,clust_052,internal_db,Escherichia_coli,,emb_0280,2023-09-26,0.6132786665919678
pep_0143,HMFFVCMMYTFWLNGYAGKACMSGIRA,0,study_L00,clust_072,literature,Homo_sapiens,PDB_9612,emb_0143,2021-07-14,0.2158707566440385
pep_0997,MHGGFRDYVQMNMCIPHYSWQAMRQSEVKTMNWFMLGTCT,1,study_B00,clust_066,synthetic,Mus_musculus,PDB_4857,emb_0997,2018-05-02,0.5221743689408421
pep_0677,NPAGWTMEDMQRQDPDHWQV,0,study_I01,clust_029,uniprot,Homo_sapiens,,emb_0677,2018-08-12,0.1308202350679409
pep_0483,THPWDKRRANHLSKGNLMAGCMDFIKLWNASDGWPRQNQ,1,study_S00,clust_031,internal_db,Rattus_norvegicus,PDB_7571,emb_0483,2020-10-20,0.3100270326257235
pep_0806,CIDASEQIGHRGMEVGTIEQWYPCRL,1,study_G01,clust_032,uniprot,Mus_musculus,PDB_4333,emb_0806,2022-07-02,0.1683644244454354
pep_0616,IWEKMPHECVMVNAMSHWKRCLMTGMSEGVKT,0,study_G01,clust_080,synthetic,Mus_musculus,PDB_2390,emb_0616,2023-01-31,0.1153743576040578
pep_0917,LQICHICFIIFRHVRFVN,1,study_J01,clust_063,internal_db,Escherichia_coli,PDB_7395,emb_0917,2024-02-21,0.3687311695850065
pep_0464,PYGRHCWPCPNIHWQHCCARTYPPTFRDSSWR,1,study_J00,clust_020,uniprot,Homo_sapiens,PDB_7839,emb_0464,2020-05-30,0.4808470949507447
pep_0168,NPIHWTMEDMQRQPPDNWQT,0,study_B01,clust_029,literature,Escherichia_coli,PDB_0029,emb_0168,2025-12-21,0.0
pep_0190,LCEELPPSPKFFRLATAVKKMIINQGSQKKRLVRHPSHA,1,study_D00,clust_010,uniprot,Mus_musculus,,emb_0190,2023-12-21,0.7344679175035317
pep_0380,NGHLLYPLCNFENSRWWQCNV,0,study_M00,clust_007,internal_db,Unknown,PDB_6023,emb_0380,2023-02-20,0.2367264343931633
pep_0171,IVEVQVIWAYPYDDYEHTHGWSYMK,0,study_C00,clust_073,internal_db,Escherichia_coli,PDB_6194,emb_0171,2024-02-25,0.1920146724219428
pep_0568,NFDQRPAQCIFSRKGQKNHNTFYC,1,study_N00,clust_003,literature,Escherichia_coli,PDB_0003,emb_0568,2025-03-24,0.3715539373711432
pep_0433,FVIIHICFIIFPLVRVVN,0,study_B01,clust_063,synthetic,Escherichia_coli,PDB_9721,emb_0433,2018-08-22,0.2431703262482122
pep_0120,TDNILLLLEWPVWIHQWRDKWVQPFTNSHEHWSFDHSFE,1,study_I01,clust_061,synthetic,Rattus_norvegicus,PDB_2024,emb_0120,2025-12-25,0.5856385307110606
pep_0661,ARTAYMVNDQQDYHMFEWFDPWHSLQHSHEWVPLCDLRHS,0,study_F01,clust_025,synthetic,Bos_taurus,PDB_0025,emb_0661,2019-06-13,0.2359582427425609
pep_0993,MGVFAIFGSNPNKHCRIDR,1,study_A01,clust_008,uniprot,Homo_sapiens,,emb_0993,2018-05-16,0.3203269669663797
pep_0014,HPGTEMRGLLFPTCFGAQWPIMFLGMFQDDLDMMM,0,study_I00,clust_067,internal_db,Bos_taurus,,emb_0014,2025-12-13,0.3032144917993399
pep_0322,YSVCEYFVNVPLFVLKDNCAGAETKDMQGY,0,study_V00,clust_009,literature,Escherichia_coli,PDB_0009,emb_0322,2018-12-14,0.5650116691724628
pep_0362,LGIFIGFDVHLAQFGAKFDKRQFKNI,1,study_L00,clust_001,uniprot,Escherichia_coli,PDB_0001,emb_0362,2020-09-10,0.4169299211250739
pep_0339,PYYNTFHQHEETMWKILLSSVKA,1,study_M01,clust_068,internal_db,Unknown,,emb_0339,2022-02-17,0.2272952430203754
pep_0628,AGRVGFSLYGFYVFIKPIAWNQNKAQSHH,0,study_C01,clust_056,internal_db,Unknown,PDB_7046,emb_0628,2019-10-20,0.4147306544821293
pep_0671,WLKHESYDRCLRGNSHYKRTQMKPFMVCDSHQVLNQDH,1,study_M00,clust_033,uniprot,Bos_taurus,PDB_9001,emb_0671,2020-01-20,0.3998670640570094
pep_0234,ENENCIMIAWEMHATVALCEIGCRFMDVDPMWHVMQG,0,study_A00,clust_042,internal_db,Bos_taurus,,emb_0234,2023-04-22,0.3921277599561692
pep_0876,TSKTWAMKLDYPDVCLIHDVRRFRSHAIEGCTFLLCWR,0,study_U00,clust_034,literature,Mus_musculus,,emb_0876,2023-11-05,0.4829157818826805
pep_0055,SWEKMPHECVMVNAMSHWKRCRMTGMSEGVKT,0,study_D01,clust_080,internal_db,Bos_taurus,PDB_6488,emb_0055,2024-02-05,0.3257183931827828
pep_0848,CPWTEMRGLLFPTCFGAQWPDMKLGMFQCDLDMMM,1,study_H01,clust_067,uniprot,Bos_taurus,,emb_0848,2019-03-01,0.4257645929367399
pep_0267,ARTAYMVNDQQDYHMFEWFDPWLSLQHSHEWVPLCDLRHS,1,study_F00,clust_025,uniprot,Escherichia_coli,PDB_5522,emb_0267,2022-11-22,0.4116676124649818
pep_0018,THPWDKRRANHLSKGNLMKGCMDFIKLWNASDGWPRQNQ,1,study_I00,clust_031,synthetic,Rattus_norvegicus,PDB_0031,emb_0018,2018-02-25,0.436661177934476
pep_0393,GKFYKLYKLTSTEFCYNDRV,0,study_G01,clust_048,uniprot,Rattus_norvegicus,PDB_0048,emb_0393,2023-03-12,0.2223604487537873
pep_0589,GFFGDCHCPWRMNPAHPPYGPNEGDKRQAPTWFIHQMDEL,0,study_H00,clust_050,synthetic,Escherichia_coli,,emb_0589,2023-03-06,0.6388505246142114
pep_0731,WRTAYMVNDSRDYHMFEWFDPWLSLQHSHEWVPLCDLRHS,1,study_K01,clust_025,synthetic,Unknown,PDB_0025,emb_0731,2025-12-06,0.2498279523067006
pep_0121,NHSMCCICWCPPRVTFNQYAVKVDR,1,study_Y00,clust_076,literature,Escherichia_coli,PDB_0076,emb_0121,2025-01-09,0.2155603111791669
pep_0931,FLYFCTQKISAYEIMTTAWRMIYCTQITAENFRSFNILW,1,study_I00,clust_012,synthetic,Bos_taurus,PDB_0012,emb_0931,2021-08-02,0.5711221688163863
pep_0897,NPIHWTMWGMERQPPDNWQT,0,study_I01,clust_029,literature,Mus_musculus,,emb_0897,2022-05-30,0.0968228076297981
pep_0696,MDWQCPHFTIELSFHCTIR,1,study_P00,clust_078,uniprot,Homo_sapiens,PDB_3431,emb_0696,2023-05-17,0.0254309096724274
pep_0443,DLPICASKSTGFGEAMVTAYKGKMYPNIHLVI,0,study_D01,clust_035,synthetic,Bos_taurus,PDB_1003,emb_0443,2021-10-24,0.1241855710374207
pep_0618,HVKYVYAWFQMIRAPKEFCMRADDENDYGWSW,0,study_N00,clust_024,internal_db,Bos_taurus,PDB_4322,emb_0618,2025-03-16,0.3189919810643147
pep_0292,VCRWSKWAIKCSSRLIKTCLRFMYNWIAN,1,study_D00,clust_044,uniprot,Mus_musculus,PDB_5487,emb_0292,2018-11-28,0.421804024240035
pep_0444,WLKHESYDRCLRGNSHYKRTQMKPFMVCDSHQVLNQYH,0,study_M00,clust_033,internal_db,Homo_sapiens,PDB_1080,emb_0444,2020-04-06,0.2554755907719039
pep_0948,GVSYVESHEHPFNIGESA,1,study_B01,clust_046,uniprot,Bos_taurus,,emb_0948,2024-05-24,0.343264888116294
pep_0742,EASDEKRGQFATFINFQQANNMWHEFGWG,0,study_O00,clust_017,uniprot,Rattus_norvegicus,PDB_6628,emb_0742,2020-03-11,0.3690487444272655
pep_0288,ENENCIMIAWEMHATVALCEIGCRFMDWDPMWHVMQG,0,study_G01,clust_042,uniprot,Mus_musculus,PDB_1693,emb_0288,2019-05-03,0.4344327922178601
pep_0883,ESCKWWPECMPQWELRMTTRQWNTCLIWMMTGSQAI,0,study_N00,clust_052,synthetic,Mus_musculus,,emb_0883,2019-08-15,0.409551503985548
pep_0358,YQESQVHFYPAPPMQPLDV,0,study_J01,clust_018,internal_db,Escherichia_coli,PDB_0018,emb_0358,2020-02-11,0.172952759503649
pep_0441,MTGGFRDYVQMNMCIPHYSWQAMRQYEVKTMNWFMLGTCT,1,study_E01,clust_066,synthetic,Unknown,,emb_0441,2025-07-14,0.5811151838677866
pep_0874,YERMTNHDGFGFLMKTPVFHQKMFVHEYCD,1,study_J00,clust_074,internal_db,Rattus_norvegicus,,emb_0874,2025-09-19,0.2123424156401396
pep_0527,STGFEAWFLDSWTCHQAVA,0,study_X00,clust_011,internal_db,Rattus_norvegicus,PDB_8417,emb_0527,2021-09-02,0.4392742897160299
pep_0914,LCEELPPSPKFFRLATAVKKMIINQGSQKFRWVRHPSSA,1,study_A01,clust_010,uniprot,Escherichia_coli,PDB_3134,emb_0914,2019-05-19,0.4823067510852643
pep_0525,FCMFMEVWTRMTWNAHAWTQTLPFKTCCWQIMGECEY,1,study_D00,clust_038,uniprot,Rattus_norvegicus,PDB_1436,emb_0525,2018-03-21,0.49385483009108
pep_0935,TWYCDPYKAYGWPVGTPFNERCYRE,1,study_E01,clust_051,literature,Unknown,,emb_0935,2022-10-31,0.5123790195072189
pep_0603,NGHLLYPLVNFENSRWWQCNV,0,study_E01,clust_007,uniprot,Mus_musculus,PDB_8476,emb_0603,2024-10-01,0.3347920616455675
pep_0321,DVIFEPPRLMVCDQLIQESIEDHEMH,0,study_I01,clust_028,literature,Bos_taurus,,emb_0321,2022-12-19,0.1897027231649369
pep_0180,YERMTNMDFFGFLCKTPVFHQKSFVHEYCD,0,study_C01,clust_074,uniprot,Mus_musculus,,emb_0180,2025-03-05,0.1677203417957942
pep_0324,GCCRILMQGVQRKDHEGSNTYDDGNGQTNEILDYI,1,study_N01,clust_064,internal_db,Rattus_norvegicus,PDB_5239,emb_0324,2021-05-02,0.4515416233360751
pep_0278,DTAFLEQLKWYDSTNCAMMFSVVTSIHLCPTGFKQHKQ,0,study_Z00,clust_005,internal_db,Rattus_norvegicus,PDB_6382,emb_0278,2025-05-30,0.5918040102694865
pep_0924,WQNQMENYKRVYFRRVGLHGTNKNRKYKPFWSVIW,1,study_I00,clust_002,uniprot,Unknown,PDB_0002,emb_0924,2020-03-20,0.4189705870825886
pep_0565,GCCRILMQGLQRKDHEGSNTYDDGNEQPNEILDYI,0,study_P00,clust_064,internal_db,Bos_taurus,,emb_0565,2022-01-06,0.4964577210810508
pep_0729,VCRWFKWAIKCWSWLIKTCLRFMTNWIAN,1,study_D00,clust_044,synthetic,Bos_taurus,,emb_0729,2022-01-20,0.4054598766356387
pep_0239,GCCRILMQGVQRKDHEGSNTYDDGNEWTNEHLDYI,0,study_M00,clust_064,internal_db,Homo_sapiens,,emb_0239,2023-06-15,0.5430539091410376
pep_0137,YVCRREVTRFVCVHAIQCSKQCN,1,study_M00,clust_019,literature,Rattus_norvegicus,PDB_8594,emb_0137,2019-08-26,0.3886438905163242
pep_0974,VCRWSKWAIKCSSRLIKTCLRFMYNWIAN,1,study_E01,clust_044,uniprot,Rattus_norvegicus,PDB_0044,emb_0974,2022-12-18,0.3226414374525355
pep_0569,KYFSHIFRVACWYSTYCNQPVGVWY,0,study_P00,clust_069,synthetic,Unknown,PDB_0069,emb_0569,2019-10-12,0.2283523388109107
pep_0634,FQICHICFIIFPLVRVRN,1,study_D01,clust_063,literature,Bos_taurus,,emb_0634,2025-03-19,0.4299925529194876
pep_0118,WLKHESYDRCLRGNSHYKRTQMKPFMVCDSHQVLNQYH,1,study_N01,clust_033,literature,Rattus_norvegicus,PDB_0033,emb_0118,2020-02-03,0.3221072912857148
pep_0691,PVCRREVTRFVCVHAMQCSKQPN,1,study_M00,clust_019,literature,Rattus_norvegicus,PDB_8594,emb_0691,2018-09-27,0.3002083012501894
pep_0130,RDRQVKEAVHESCVLMEYKGWFVVPHFGWGKTWVTSHM,1,study_J00,clust_041,synthetic,Rattus_norvegicus,PDB_0041,emb_0130,2024-07-29,0.2448598524625597
pep_0863,GFFGDCHCPWRMNPDHPPYGPNELDKRQAPTWFIHQMDEL,0,study_H00,clust_050,synthetic,Escherichia_coli,,emb_0863,2019-03-26,0.6966628488866583
pep_0530,NFDNRPATCIFSRKGQKNHNTFYI,1,study_H01,clust_003,literature,Homo_sapiens,,emb_0530,2018-11-02,0.4662237783605454
pep_0536,AQFTCNFGNPILTSHAEIGCIILNYPTLAAH,1,study_Z00,clust_027,internal_db,Mus_musculus,PDB_0027,emb_0536,2019-06-23,0.3511376631123713
pep_0612,DTAFLEQLKWYDSTNCAMMFSVVTSIHLCPTGFKQHKQ,0,study_E01,clust_005,literature,Unknown,PDB_0005,emb_0612,2024-12-12,0.6193306387107628
pep_0583,TDNILLLLEWPVWIHQWRDKWVQPFTNSYEHWSFDHSFE,0,study_M01,clust_061,internal_db,Rattus_norvegicus,PDB_0061,emb_0583,2018-10-09,0.4245769913821904
pep_0725,STGFEAWMLMSWWCHQAVA,0,study_R00,clust_011,literature,Rattus_norvegicus,,emb_0725,2021-04-08,0.5014893595316406
pep_0751,EDWQGAHFAMHLSFHCTIR,0,study_L01,clust_078,internal_db,Unknown,PDB_0078,emb_0751,2024-07-28,0.0826307488829867
pep_0528,SKIVICKTGCIFPWMDRTTIRKVFFLLWV,1,study_C00,clust_047,synthetic,Rattus_norvegicus,PDB_8457,emb_0528,2022-10-01,0.5405957219429504
pep_0849,QCRWSKWANKCSSWLIKTCLRFDYNWIAN,0,study_D00,clust_044,synthetic,Bos_taurus,,emb_0849,2025-06-15,0.4339199966769221
pep_0855,KYFSHIHRVACWYSTYSNQPVGPKY,0,study_P00,clust_069,synthetic,Unknown,PDB_0069,emb_0855,2021-08-02,0.182038651367691
pep_0266,VYSKQQIGLIGRTGMHPWM,0,study_H01,clust_077,literature,Bos_taurus,PDB_9123,emb_0266,2024-02-16,0.1051825678209492
pep_0252,DKHAFVMLTHQVLYHDEFQ,1,study_N00,clust_014,synthetic,Rattus_norvegicus,,emb_0252,2023-07-07,0.4989818872087637
pep_0829,FWYCDHYKAYGWPVTTPLNMECWRE,0,study_C01,clust_051,synthetic,Unknown,PDB_0051,emb_0829,2020-04-26,0.2792926617096166
pep_0142,TDNILLLLEWPVWSHQWRDKWVQPFTNSHEHWSFDHSFE,1,study_A01,clust_061,uniprot,Homo_sapiens,PDB_6192,emb_0142,2023-05-27,0.5690280520360816
pep_0740,FQICRICFIIFPLTRVVN,1,study_T00,clust_063,uniprot,Escherichia_coli,PDB_0063,emb_0740,2025-09-04,0.4513448788007839
pep_0524,PGVFVHYRSKCDCYDASESY,0,study_L01,clust_036,synthetic,Escherichia_coli,PDB_0036,emb_0524,2020-07-02,0.2275236177361305
pep_0608,FIWTWDTQTGPYQGLLRAERRIG,0,study_S00,clust_023,uniprot,Rattus_norvegicus,,emb_0608,2025-06-11,0.1818262170950894
pep_0826,YCVCEYFVCVPLFVLKDNCLGAETKDMQSY,1,study_K00,clust_009,synthetic,Rattus_norvegicus,PDB_2169,emb_0826,2020-09-26,0.6664260669624457
pep_0155,NGHLLYPLCNFENSRWWQCNV,0,study_R00,clust_007,literature,Rattus_norvegicus,PDB_0007,emb_0155,2025-12-22,0.3270996304331828
pep_0564,PPYMTFHQHEETMWKIALSSVKA,1,study_J00,clust_068,internal_db,Homo_sapiens,,emb_0564,2022-07-29,0.2715225786048713
pep_0052,PYYMTFHQHEETMWKILLSSVKA,1,study_D00,clust_068,uniprot,Escherichia_coli,PDB_0068,emb_0052,2025-09-08,0.2888064825015214
pep_0813,VASKQQIGLIGRTGMHPWA,1,study_G01,clust_077,literature,Mus_musculus,PDB_4669,emb_0813,2018-04-25,0.0953694859778841
pep_0017,YRPMESHHAVKYRVNCAMPSRLFSSGTGCQ,1,study_R00,clust_071,synthetic,Mus_musculus,PDB_2641,emb_0017,2018-04-27,0.1577727199731284
pep_0360,GFQGQWKHTTACQIRIRKTLHSCQKTENMRRIM,0,study_L01,clust_039,uniprot,Escherichia_coli,,emb_0360,2021-04-26,0.4582715608328572
pep_0591,KMHSPVYLAHQLEKAPHWLFYLAQNRCPQLENYETGH,0,study_U00,clust_062,internal_db,Homo_sapiens,,emb_0591,2021-06-11,0.6636242304693374
pep_0509,NISAWCFREPDKHNSSLFMTFNVERER,0,study_F01,clust_043,internal_db,Homo_sapiens,,emb_0509,2018-08-01,0.4451570976390568
pep_0261,HVKYVYAWFQMIRAPKEFCMRADDENDYGWSW,1,study_J01,clust_024,internal_db,Homo_sapiens,PDB_0024,emb_0261,2025-07-14,0.3610073787535419
pep_0756,NYDQRPAQCIFSRKMQKNHNTFYI,0,study_C01,clust_003,literature,Homo_sapiens,PDB_1844,emb_0756,2022-06-08,0.3429031525441868
pep_0908,FLYFCTQKISAYEIMTTAWRMIYCTQITAENFRSFNILW,1,study_I00,clust_012,synthetic,Bos_taurus,PDB_0012,emb_0908,2019-06-05,0.5711221688163863
pep_0685,GVFALEEHFAEGVLLPKCSNDTSNWKQGACVNQM,1,study_O00,clust_058,literature,Rattus_norvegicus,PDB_1151,emb_0685,2024-03-28,0.6011447268248568
pep_0435,FHTEEKYVHDVSKWLFQPYPLFEM,1,study_C01,clust_045,synthetic,Homo_sapiens,,emb_0435,2018-03-18,0.1938680708136818
pep_0154,HPGTEMRGLLFPTCFGAQWPDMKLGMFQDDLDMMM,0,study_X00,clust_067,uniprot,Escherichia_coli,PDB_2972,emb_0154,2025-12-07,0.3803588851465673
pep_0216,EASDEKRAQFATFINFQQANNMNHEFGWG,0,study_C01,clust_017,synthetic,Bos_taurus,,emb_0216,2022-03-20,0.4644772207655952
pep_0050,SFDNENAENDQEHRRNKLKGSQQ,0,study_C01,clust_065,internal_db,Unknown,,emb_0050,2025-09-27,0.2721227674788402
pep_0225,NPIHWTMEDMQRQPPDNWQT,1,study_I01,clust_029,literature,Mus_musculus,,emb_0225,2024-08-23,0.0297090656186712
pep_0988,TWYCDPYKAYGWPVGTPFNERCYRE,0,study_W00,clust_051,literature,Unknown,,emb_0988,2021-11-23,0.5349663077633993
pep_0386,EDGFEKFIYLEESRYECWVQFSIS,0,study_E01,clust_016,internal_db,Rattus_norvegicus,PDB_1581,emb_0386,2020-03-21,0.2665391502077719
pep_0555,ARTAYMVNDQQDYHMFEWFDPWLSLQHSHEWVPLCDLRRS,1,study_X00,clust_025,synthetic,Unknown,PDB_5196,emb_0555,2018-07-18,0.2254016790929227
pep_0191,WFGRNNFFIKMKKICAVTFM,1,study_L00,clust_057,synthetic,Homo_sapiens,PDB_0057,emb_0191,2019-12-16,0.3451379305134535
pep_0783,GFFGDCHLPVFMNPAHPPYGPNEGDNRQYPTWFIHQMDEL,1,study_J00,clust_050,uniprot,Rattus_norvegicus,PDB_4425,emb_0783,2025-07-25,0.5943111406533891
pep_0753,MHPGFRDYVQMNMCIPHYLWQIMEQFEVKTDNWFMLGTCT,1,study_M01,clust_066,synthetic,Homo_sapiens,PDB_5337,emb_0753,2025-10-05,0.420494097274418
pep_0342,GCCRILMQGVQRKDKEGSNTYDDGNEQTNEILDYI,0,study_G00,clust_064,literature,Rattus_norvegicus,PDB_0064,emb_0342,2023-05-06,0.4963204819047361
pep_0561,MGVFAIFDSNDNKHCIITR,1,study_W00,clust_008,literature,Unknown,PDB_0008,emb_0561,2019-07-30,0.3606109693436113
pep_0294,GVSYVESHTHPGNIGESA,0,study_K01,clust_046,literature,Unknown,,emb_0294,2021-03-10,0.1621863085285239
pep_0898,AVSYVESHTHPFNCGESA,0,study_C01,clust_046,internal_db,Homo_sapiens,PDB_8736,emb_0898,2019-12-26,0.3010754320598317
pep_0549,TWYCDHDKAYGWPVGTPSNTRCYRE,0,study_P00,clust_051,synthetic,Homo_sapiens,PDB_0051,emb_0549,2025-12-16,0.4408452167256083
pep_0297,NHSMCCICWCPNRVTFNQYAVKVDR,1,study_I01,clust_076,literature,Unknown,PDB_0076,emb_0297,2023-01-09,0.0830830268340696
pep_0975,FFGYECVFYTARNPWWSWTQDRTKMPEHMPWDSQLARPQS,0,study_J00,clust_013,internal_db,Escherichia_coli,PDB_7162,emb_0975,2024-11-12,0.5186279720158568
pep_0132,WFGRNNHFIKMKKICAVTFM,0,study_G01,clust_057,uniprot,Rattus_norvegicus,PDB_2800,emb_0132,2023-12-03,0.3425191726199573
pep_0264,REDYDPTGHWCAPACRMFRY,1,study_L01,clust_022,uniprot,Bos_taurus,PDB_0022,emb_0264,2018-07-20,0.3071703436423566
pep_0144,CSVDVFDNYAMNQWQTPGPHPTEYHEP,1,study_H01,clust_030,uniprot,Bos_taurus,PDB_8528,emb_0144,2022-04-12,0.0990784831739345
pep_0598,TDNILLLLEWPVWYHQWRDKWVQPFTNSHEHWSFDHSFE,1,study_Z00,clust_061,internal_db,Bos_taurus,PDB_0061,emb_0598,2023-08-30,0.5269651362486277
pep_0053,WQNQMENYKRVYFRRVGLHGTNKNRKYKPFWSVIW,0,study_V00,clust_002,literature,Bos_taurus,PDB_0002,emb_0053,2022-12-29,0.3741222963572942
pep_0805,SRLVWWEVADRWHRFWSWGFLIETAIDHSQPEFVYYVFQ,1,study_H00,clust_070,internal_db,Mus_musculus,PDB_8218,emb_0805,2022-09-08,0.3697248824749576
pep_0514,YRPMESHHAVKCRVNCASPSRLFSSGTGCQ,0,study_R00,clust_071,synthetic,Homo_sapiens,PDB_5996,emb_0514,2020-12-25,0.212901580267639
pep_0403,YCWWCNWWMGLHGVEIGDQYVVCR,0,study_M00,clust_004,literature,Mus_musculus,PDB_0004,emb_0403,2019-05-12,0.535949519424566
pep_0957,AGRVGFSLYGFYVFIDHIAWNRNKAQSHH,1,study_T00,clust_056,literature,Escherichia_coli,,emb_0957,2022-11-18,0.5456974241426018
pep_0352,EDCLWWPECMPQWELRMTTRQWNTCLIVMMTGSQAW,0,study_H01,clust_052,uniprot,Rattus_norvegicus,PDB_1547,emb_0352,2020-05-20,0.6195270610481999
pep_0548,SRLVWWPVAVRWHRFWSWGFLIETAIDHSQPEFVYYVFQ,0,study_B01,clust_070,synthetic,Rattus_norvegicus,PDB_0070,emb_0548,2023-05-12,0.4067605800511017
pep_0090,KMHSPMYLAHQLEKAPHWLFYLCQNRCPQLENLETGE,0,study_D01,clust_062,internal_db,Escherichia_coli,PDB_4225,emb_0090,2024-09-21,0.6364474525980577
pep_0002,SRLVWWPSADRWHRFWSWSFLIETAIDHSQPEFVYYVFQ,0,study_H01,clust_070,internal_db,Unknown,,emb_0002,2022-04-19,0.3438283266165373
pep_0160,HVKYVYAWFQMIRAPKEFCMRADDENDYGWSW,0,study_R00,clust_024,internal_db,Escherichia_coli,,emb_0160,2023-01-31,0.3472962862457988
pep_0843,FFGYECVFYYARNHWNSWTQDRTKMPEHMPWLSHLARGQS,0,study_U00,clust_013,uniprot,Homo_sapiens,,emb_0843,2020-09-09,0.5387953211109409
pep_0027,MGVFAIFDSNDNKHCIITR,0,study_O00,clust_008,literature,Bos_taurus,PDB_4099,emb_0027,2025-04-30,0.3362910259103307
pep_0676,TANLVENQYPHHTGEDVDNAVH,1,study_P00,clust_055,internal_db,Mus_musculus,,emb_0676,2018-08-12,0.2604372817162031
pep_0515,NPIHWTMEDMQRQPPDNWQT,1,study_K00,clust_029,uniprot,Escherichia_coli,PDB_3947,emb_0515,2022-01-09,0.1185942658073096
pep_0556,PFQDALCTGEVAMLMPSSVHIACRWCA,1,study_T00,clust_059,uniprot,Rattus_norvegicus,PDB_0059,emb_0556,2021-08-11,0.5974924389117198
pep_0046,NGHLLYPLCNFENSRWWQCNV,0,study_L00,clust_007,uniprot,Bos_taurus,PDB_2657,emb_0046,2025-03-05,0.3517028578707655
pep_0080,GDNILLLLEWPVWIHQWRDKWVQPFTNSHEHWSFDHSFR,0,study_B01,clust_061,synthetic,Unknown,PDB_0061,emb_0080,2018-07-29,0.6370799500851799
pep_0460,PYYMTFHQHEETMWKILLSSVKL,0,study_J01,clust_068,synthetic,Rattus_norvegicus,,emb_0460,2025-04-17,0.2623615220693771
pep_0465,RDRQVKEAVHMSCVLMEYKGWFVVPHFGWGKTWVTSHM,1,study_B01,clust_041,synthetic,Mus_musculus,PDB_0041,emb_0465,2022-01-01,0.327582451401894
pep_0276,SWAWFMTLCLPKNQRVPGHDGYITQF,1,study_F01,clust_037,internal_db,Homo_sapiens,PDB_0037,emb_0276,2021-01-13,0.2450660975227081
pep_0540,AGRVGFSLYGFYVFIKPIAWNRNKAQSHH,0,study_D01,clust_056,literature,Escherichia_coli,,emb_0540,2019-01-28,0.6287434700096677
pep_0463,GVSYVESHTHPFNIGESA,1,study_Z00,clust_046,synthetic,Mus_musculus,PDB_9636,emb_0463,2018-04-24,0.127294321070991
pep_0262,TANLVENQQPHHTGEDVDNAVH,0,study_C00,clust_055,internal_db,Mus_musculus,,emb_0262,2024-11-11,0.284798084173025
pep_0396,TFQGQWKHTTACQIRIRHTLHSCQKTENMRRIM,1,study_P00,clust_039,literature,Escherichia_coli,PDB_8807,emb_0396,2019-01-01,0.3520236545333894
pep_0071,KMHSPVYLAHQLEKAPHWLFYLCQNRCPQLENLETGH,1,study_O00,clust_062,uniprot,Escherichia_coli,PDB_0062,emb_0071,2020-04-21,0.3805463705058545
pep_0351,PFQDALCRGEMAMLMMSSVHIACPWCA,0,study_S00,clust_059,synthetic,Escherichia_coli,PDB_6244,emb_0351,2018-06-15,0.5001023384187273
pep_0330,ENENCIMIAWEMHATVALCEIGCRFMDVDPMWHVMQG,0,study_L00,clust_042,synthetic,Escherichia_coli,PDB_0042,emb_0330,2025-05-30,0.4905155010569868
pep_0255,TWYCDHYKAYGWPVGTPSNMRCYVE,0,study_J00,clust_051,synthetic,Mus_musculus,PDB_5704,emb_0255,2021-03-07,0.3789907830529179
pep_0531,GTFTKLYKLTITPFCYNDRV,1,study_M01,clust_048,literature,Rattus_norvegicus,,emb_0531,2025-09-09,0.2504523542041597
pep_0941,WLKHESYDRCLRGNSHYKRTQMKPFMVCDSHQVLNQYH,0,study_M00,clust_033,internal_db,Homo_sapiens,PDB_1080,emb_0941,2019-08-21,0.2554755907719039
pep_0915,MIVFAIFDSNDNAHCDITR,0,study_U00,clust_008,literature,Escherichia_coli,PDB_8980,emb_0915,2024-12-23,0.4359600149984278
pep_0625,PFQDALCRGEMAMLMPSSVHIACRWGM,1,study_O00,clust_059,internal_db,Mus_musculus,PDB_1447,emb_0625,2024-06-07,0.5308029934265638
pep_0958,EDWQGAHFAMHLSFHCTIR,1,study_G00,clust_078,internal_db,Unknown,PDB_0078,emb_0958,2024-02-25,0.0523362539353633
pep_0492,GVSYVESHTHPFNIGESA,1,study_N01,clust_046,literature,Unknown,PDB_8542,emb_0492,2024-02-18,0.2308713500632532
pep_0720,TDNIWLLLEWPTWIHQHRDKWDQPFTDSHEHWSFDHSFE,1,study_B00,clust_061,internal_db,Unknown,PDB_5815,emb_0720,2023-02-02,0.5332395398001667
pep_0586,IVEVQVRIAYPYDDYEHTHGWSYMK,1,study_V00,clust_073,uniprot,Rattus_norvegicus,PDB_9377,emb_0586,2024-11-02,0.2841071649007579
pep_0558,YERMTNHDFFGFLMKTPVFHQKSFVHEYCD,0,study_E00,clust_074,internal_db,Mus_musculus,PDB_7838,emb_0558,2022-07-28,0.3410199282602021
pep_0222,GIDAAEQIGHRGTEVQTDELWYPCRL,1,study_T00,clust_032,uniprot,Escherichia_coli,PDB_0032,emb_0222,2022-09-30,0.0682147168745942
pep_0686,HPGTEMRGLLFPTCFGGQWPDMKLGMFQRDPDMMT,0,study_B01,clust_067,internal_db,Rattus_norvegicus,PDB_1728,emb_0686,2025-07-14,0.4212755943861588
pep_0926,NCIHWTMEDMQRQPPDNWQT,0,study_K00,clust_029,uniprot,Escherichia_coli,,emb_0926,2024-05-11,0.1243460062037256
pep_0320,FHTEEKYVHDVSKWLFQPYPLFEM,0,study_V00,clust_045,synthetic,Unknown,PDB_5672,emb_0320,2020-12-04,0.2228284781661175
pep_0273,GFQGKWKHTTACQIRIRKTLHSCQKTENMREIM,1,study_C00,clust_039,literature,Unknown,,emb_0273,2023-08-20,0.4774593494509921
pep_0106,FHTEEKYVHDVSKWIFQPYPNFEM,0,study_A01,clust_045,internal_db,Mus_musculus,,emb_0106,2018-04-25,0.1930484004152491
pep_0979,PTVVHRCFSQIFCEWSLSLRHIDQLKYTS,0,study_T00,clust_075,synthetic,Rattus_norvegicus,,emb_0979,2019-03-27,0.0664642847445445
pep_0366,FQICHICFIIFPLVRVVN,1,study_T00,clust_063,internal_db,Mus_musculus,PDB_2186,emb_0366,2023-01-24,0.2538451083200316
pep_0590,LGIFIGFDVHLAQFYAKFDKRQFKNE,0,study_W00,clust_001,uniprot,Rattus_norvegicus,,emb_0590,2023-03-17,0.2591986592417378
pep_0868,THPWDKRRANHLSKGNLMKECMDFIKPWNASDGWPRQNQ,1,study_F01,clust_031,internal_db,Unknown,PDB_3081,emb_0868,2023-01-02,0.2323254238730797
pep_0901,ENENCIMIAWEMHAKVQLCEIGCRFMDCDPMWHVMQG,1,study_U00,clust_042,synthetic,Escherichia_coli,PDB_0042,emb_0901,2024-12-12,0.4847428748664754
pep_0638,DTAFLEQLKWYDSWNCAMMFSVVTSIHLCPTGFKQHKQ,1,study_N01,clust_005,synthetic,Bos_taurus,PDB_1460,emb_0638,2024-09-27,0.5545920002195834
pep_0474,AQDQCNFGFPILTSHAEMGCIILNYPTLAAH,1,study_C00,clust_027,uniprot,Rattus_norvegicus,PDB_0027,emb_0474,2018-04-25,0.3309780047242182
pep_0866,GVSYVTSHTGPFGIGLSA,1,study_L01,clust_046,uniprot,Escherichia_coli,PDB_1034,emb_0866,2021-09-16,0.4145932463642469
pep_0184,CSQTWAMKLDYQDVCLIHDVRAFRSHAAEGCTFLLCWR,1,study_V00,clust_034,internal_db,Bos_taurus,PDB_0034,emb_0184,2020-05-25,0.2387820905160031
pep_0894,GVSYVESHLHPFKTGESA,1,study_Z00,clust_046,synthetic,Mus_musculus,PDB_9636,emb_0894,2019-10-19,0.1796186690362056
pep_0031,LWMPMTTPERLYRWRIAYYAGY,0,study_C01,clust_049,internal_db,Escherichia_coli,PDB_3325,emb_0031,2022-08-06,0.3561947938788022
pep_0064,PYGRHQWPCPPIHWQHCCARTYPPTFRDSSWR,1,study_Q00,clust_020,uniprot,Escherichia_coli,,emb_0064,2025-02-13,0.3710832438813934
pep_0967,TWYCDHDKAYGWPVGTPSNTRCYRE,0,study_P00,clust_051,synthetic,Homo_sapiens,PDB_0051,emb_0967,2020-06-11,0.4408452167256083
pep_0016,FIWTSDTQTGPYQILLRAERRIG,0,study_L00,clust_023,literature,Escherichia_coli,PDB_0023,emb_0016,2018-06-18,0.2445463270409089
pep_0268,FFQDALCRGEMAMLMPSSVDIACRWCA,0,study_C00,clust_059,literature,Rattus_norvegicus,PDB_0059,emb_0268,2019-12-03,0.5566325140438952
pep_0247,LWMPMTTPERLPRWRIAYYAGY,1,study_N01,clust_049,synthetic,Unknown,,emb_0247,2022-08-12,0.4141212382419201
pep_0109,FQICHICFIIFPLVRAVN,0,study_P00,clust_063,internal_db,Escherichia_coli,PDB_4967,emb_0109,2022-04-12,0.328138607679339
pep_0807,ARTAYMVNDQQDYHMFEWFDPWLSLNHSHEWVPLCDLRRS,1,study_X00,clust_025,synthetic,Unknown,,emb_0807,2025-07-25,0.2271614610298416
pep_0811,MMVFAIFDSNDNKHCIITR,0,study_H00,clust_008,uniprot,Mus_musculus,PDB_0008,emb_0811,2022-12-18,0.3469289805640678
pep_0415,CSQTWNMWLDYQDVCLIHDVRAFRSHAAEGCTFLLCWR,1,study_P00,clust_034,synthetic,Homo_sapiens,,emb_0415,2021-12-02,0.3848517051610427
pep_0437,IKHMPGMVMRCRPNPWEYSCEETVSEIC,0,study_J00,clust_040,literature,Escherichia_coli,PDB_0040,emb_0437,2025-04-22,0.0939233111381142
pep_0617,AGRVGFSLYGFYVFPKPIAWNQNPAQSHH,0,study_I00,clust_056,literature,Homo_sapiens,,emb_0617,2021-10-15,0.5307399828561045
pep_0303,FQKWHICFIIFPLVRVVN,1,study_H00,clust_063,synthetic,Mus_musculus,PDB_0063,emb_0303,2023-12-26,0.3398372981671883
pep_0954,KYFSHIFRVAYWYCTYCNQPVGVNY,1,study_F01,clust_069,internal_db,Unknown,PDB_0069,emb_0954,2025-05-24,0.3382239607037598
pep_0272,GFQGQWKHTTACQIRIRKTLWSWQKTENMRRIM,0,study_Q00,clust_039,literature,Bos_taurus,PDB_9938,emb_0272,2021-01-19,0.325025312253535
pep_0185,NGHLLYPLCNFENSRWWQCNV,1,study_D01,clust_007,literature,Bos_taurus,,emb_0185,2020-12-09,0.3923173277267096
pep_0662,NFDQRPAQCIFSRKGQKNHNTFYI,0,study_F01,clust_003,literature,Homo_sapiens,PDB_1496,emb_0662,2021-10-10,0.3747037004807702
pep_0812,VDSKQLIGQAGRTGMHPWM,0,study_M00,clust_077,internal_db,Bos_taurus,PDB_0077,emb_0812,2023-10-14,0.0928999860910353
pep_0535,FFGYECVFYTARNPWWSWTQDRTKMPEHMPWDSQLARPQS,1,study_O00,clust_013,internal_db,Escherichia_coli,PDB_7162,emb_0535,2024-03-26,0.5138442660188695
pep_0253,EDMQCPHFTRELSFHCTIR,0,study_U00,clust_078,literature,Unknown,PDB_9009,emb_0253,2019-01-21,0.155648683784346
pep_0605,NPIHWTMEDMQRQPPDNWQT,0,study_O00,clust_029,uniprot,Unknown,PDB_7055,emb_0605,2025-05-08,0.0557861061824728
pep_0454,NPIHWTMEDMQRQPPDNWQT,0,study_A01,clust_029,internal_db,Mus_musculus,PDB_7883,emb_0454,2024-04-23,0.0650539006138273
pep_0458,NGHLLYGLCNFENSRVWQCNV,0,study_C00,clust_007,synthetic,Rattus_norvegicus,,emb_0458,2018-07-21,0.5040149173368508
pep_0869,LQICHICFIIFPLVDWVN,0,study_C00,clust_063,internal_db,Escherichia_coli,,emb_0869,2022-06-03,0.3524952442281065
pep_0507,HMGAGGCCIQWGQDSTFECNYCTTGDQLQLIKLWVQLK,0,study_T00,clust_015,uniprot,Bos_taurus,PDB_3696,emb_0507,2021-09-07,0.5363588560727731
pep_0683,FLYFCTQMISAYEIMTTAWRMIYCTQITAENFRNFNMLW,0,study_N00,clust_012,synthetic,Bos_taurus,PDB_0012,emb_0683,2020-07-21,0.660047913905268
pep_0192,VDSKQQIGLIGRTGMPPWM,1,study_K00,clust_077,literature,Unknown,PDB_0077,emb_0192,2023-06-08,0.1753494184890751
pep_0158,IVEVQVRIIYPYDDYEHTHGWSYMK,0,study_F01,clust_073,literature,Unknown,,emb_0158,2025-06-22,0.2218614356750954
pep_0079,WQNQMENYKRVLFRRVGLHGTNKNRKYKPFWNVIW,0,study_I01,clust_002,synthetic,Escherichia_coli,PDB_7763,emb_0079,2024-07-22,0.4837166304442996
pep_0334,PGCEVHIRSKCDCYDKSESY,1,study_D00,clust_036,synthetic,Rattus_norvegicus,PDB_2999,emb_0334,2018-11-23,0.0889801179043579
pep_0544,REDYDPTGHWCAVYHRMFRY,0,study_N00,clust_022,synthetic,Mus_musculus,PDB_7971,emb_0544,2024-02-04,0.324070212042414
pep_0939,WFGRNNFFRKMKKICAVEFM,0,study_L00,clust_057,synthetic,Homo_sapiens,,emb_0939,2023-11-07,0.3312720467294117
pep_0669,LCEELPPSPKFFRLATAVKKMIINQGSQKFRWVRHPSHA,1,study_R00,clust_010,synthetic,Bos_taurus,PDB_0010,emb_0669,2018-08-01,0.4782976735033252
pep_0632,RDRQVKEAVHMSCVLMEYKGWFVVPHFGWGKTWVTSHM,0,study_N01,clust_041,uniprot,Rattus_norvegicus,PDB_0041,emb_0632,2021-08-27,0.2668369896396798
pep_0559,WLKHESYDRCLRGNDHYKRTQMKPFMVCDTHQVLNQYH,1,study_J01,clust_033,literature,Homo_sapiens,,emb_0559,2022-07-19,0.3857186600769445
pep_0788,NFDQRPAQCIFSRKSQGNHNTFYI,1,study_F00,clust_003,uniprot,Escherichia_coli,PDB_0003,emb_0788,2018-11-04,0.5018542975775642
pep_0976,GVSYVTSHTHPFNIGESA,1,study_A01,clust_046,uniprot,Escherichia_coli,PDB_1034,emb_0976,2022-09-08,0.3911448465075997
pep_0420,YCLCEYFVNVPLFVLKDNCAGAETKDMQGY,0,study_C01,clust_009,uniprot,Bos_taurus,PDB_0009,emb_0420,2021-11-22,0.7579008291979271
pep_0782,NCIHWTMEDMQRQPPDNWQT,1,study_K00,clust_029,uniprot,Escherichia_coli,,emb_0782,2024-04-20,0.1243460062037256
pep_0667,PYGRFQWPCPPIYWQHCCARTYPPTFRDSSWR,1,study_A01,clust_020,literature,Escherichia_coli,,emb_0667,2024-01-25,0.2515535701589975
pep_0214,EDCLWMPECMPQWELRMTTRQWNTCLIWMMTGSQAW,0,study_D01,clust_052,synthetic,Escherichia_coli,PDB_0052,emb_0214,2020-06-09,0.5688275539404392
pep_0202,NFDQRPAQCIFSRKSQKNHNTFYI,1,study_F00,clust_003,uniprot,Escherichia_coli,PDB_0003,emb_0202,2020-08-25,0.4743765791449411
pep_0439,KYFSHIFRVACWYSTYCNQPVGVWY,1,study_B01,clust_069,uniprot,Unknown,PDB_0069,emb_0439,2023-11-27,0.2068250327130151
pep_0259,LGIFIGFDVHLCQFYAKFDKRQFKNI,1,study_X00,clust_001,synthetic,Escherichia_coli,PDB_0001,emb_0259,2024-03-04,0.2797463551391652
pep_0456,FLYFCTQKISAYEIMTYAWRMIYCTQITAENFRNFNILW,0,study_B01,clust_012,internal_db,Rattus_norvegicus,PDB_0012,emb_0456,2018-04-22,0.5884339505587306
pep_0961,PGCFVHYRSKCDCYDKSESY,1,study_Z00,clust_036,synthetic,Unknown,PDB_9407,emb_0961,2024-07-13,0.1949409753875841
pep_0473,YERMTNHDFFGFLMKTPVFHQKMFVHEYCD,0,study_J00,clust_074,internal_db,Rattus_norvegicus,,emb_0473,2021-03-30,0.1996733459500813
pep_0613,AGRVKFSLYGFYVFIKPIAWNRNKAQSHH,0,study_J00,clust_056,uniprot,Mus_musculus,PDB_4582,emb_0613,2025-08-26,0.4639418215011608
pep_0714,PYYNTFHQQHGTMWKILLSSVKA,1,study_D01,clust_068,internal_db,Unknown,,emb_0714,2021-08-30,0.2359385530987654
pep_0679,HPGTEMRGDLWPTCFGAQWPPMKLGMFQDDLDMMM,0,study_L01,clust_067,literature,Mus_musculus,PDB_8094,emb_0679,2022-07-02,0.4592058933833867
pep_0694,RMFFVCMMYTFWLNGYAGKACMSGIRA,0,study_G00,clust_072,literature,Homo_sapiens,PDB_9612,emb_0694,2019-03-11,0.1681000353153063
pep_0505,PFQDALCRGEMAMLMPSSVMIACRWCA,1,study_Q00,clust_059,literature,Homo_sapiens,PDB_2102,emb_0505,2018-01-22,0.7464859614592273
pep_0361,NGHLLYPLCNFDNSRWWQCNL,0,study_D00,clust_007,synthetic,Escherichia_coli,PDB_0007,emb_0361,2020-11-08,0.3865237183772499
pep_0122,FHTEEKYVHDVSKWLFQPYPLFEM,0,study_A01,clust_045,literature,Escherichia_coli,PDB_0045,emb_0122,2018-02-04,0.2879233819566961
pep_0719,SWAWNMTLGLPKNQRVPGCSGRVTQF,0,study_S00,clust_037,literature,Unknown,PDB_0037,emb_0719,2020-04-26,0.2177765174461749
pep_0250,YCVCEYFVNVPLFVLKDNCAGAETKDMQGY,0,study_I00,clust_009,synthetic,Rattus_norvegicus,PDB_0009,emb_0250,2023-05-28,0.6852934581576353
pep_0206,PTVVHRCFSQIFCEWALSLRHIDQLKMTS,0,study_N01,clust_075,uniprot,Unknown,,emb_0206,2021-12-01,0.2642113395814426
