id,sequence,label,group,cluster_id,source,species,structure_id,embedding_id,date,target,structural_cluster_id
pep_0001,RDRQVKEAVHMSCVLMEYKGWFVVPHFGWGKTWVTSHM,0,study_C01,clust_041,internal_db,Rattus_norvegicus,PDB_4089,emb_0001,2022-09-08,0.3854341968557327,struct:pep_0001
pep_0002,SRLVWWPSADRWHRFWSWSFLIETAIDHSQPEFVYYVFQ,0,study_H01,clust_070,internal_db,Unknown,,emb_0002,2022-04-19,0.3438283266165373,struct:pep_0002
pep_0003,NPICWTMEDMQRQPPDNWQT,1,study_J00,clust_029,literature,Rattus_norvegicus,PDB_0029,emb_0003,2018-04-12,0.0,struct:pep_0003
pep_0004,SKIVISKTGCIFRWMSRTTIRKVFFLLWV,1,study_O00,clust_047,synthetic,Unknown,PDB_0047,emb_0004,2019-04-01,0.382080287073119,struct:pep_0004
pep_0005,NFDQRPAQCIFSRKGQKNHNTFYI,0,study_C01,clust_003,literature,Homo_sapiens,PDB_1844,emb_0005,2020-06-27,0.364759195196461,struct:pep_0005
pep_0006,RETIFDGFMDVFMIPQFERWLQGRFVCNTRVMG,1,study_T00,clust_060,uniprot,Bos_taurus,PDB_0060,emb_0006,2021-05-07,0.5370774603554771,struct:pep_0006
pep_0007,PFQDALCRGEMAMLMPSSVHIACRWCA,0,study_X00,clust_059,synthetic,Rattus_norvegicus,,emb_0007,2023-03-22,0.4817971712977604,struct:pep_0007
pep_0008,SWEKMPHECVMVNAMSHWKRCLMTGMSEGVKT,0,study_J00,clust_080,internal_db,Rattus_norvegicus,,emb_0008,2024-01-25,0.3711414659574428,struct:pep_0008
pep_0009,RADYDPTGHWCAPYHRMFRY,0,study_A00,clust_022,internal_db,Mus_musculus,PDB_9970,emb_0009,2023-09-11,0.2592161555094306,struct:pep_0009
pep_0010,IWLQHNQCMPRDDCYALHRSHPMCLTQFF,0,study_C01,clust_006,internal_db,Escherichia_coli,PDB_9828,emb_0010,2022-01-20,0.49059041941657,struct:pep_0010
pep_0011,TTACSGIEAQVHRSCQCHKSTFFFAGWDLASHSAY,1,study_F01,clust_021,literature,Rattus_norvegicus,PDB_4357,emb_0011,2024-05-04,0.4418140410576462,struct:pep_0011
pep_0012,PTVVHRPFSQIFCEWALSLRHHDQLKMTS,0,study_D00,clust_075,synthetic,Escherichia_coli,PDB_8750,emb_0012,2024-05-02,0.1546002777258015,struct:pep_0012
pep_0013,DVIFEQPRVMVKDQLIQESIEDHMMH,1,study_E01,clust_028,synthetic,Rattus_norvegicus,,emb_0013,2025-06-07,0.2103097055625007,struct:pep_0013
pep_0014,HPGTEMRGLLFPTCFGAQWPIMFLGMFQDDLDMMM,0,study_I00,clust_067,internal_db,Bos_taurus,,emb_0014,2025-12-13,0.3032144917993399,struct:pep_0014
pep_0015,ENENCIMIAWEMHATVALCEIGCRFMDVDIMWHVVQG,1,study_H01,clust_042,literature,Homo_sapiens,PDB_0042,emb_0015,2018-07-10,0.3925498299748423,struct:pep_0015
pep_0016,FIWTSDTQTGPYQILLRAERRIG,0,study_L00,clust_023,literature,Escherichia_coli,PDB_0023,emb_0016,2018-06-18,0.2445463270409089,struct:pep_0016
pep_0017,YRPMESHHAVKYRVNCAMPSRLFSSGTGCQ,1,study_R00,clust_071,synthetic,Mus_musculus,PDB_2641,emb_0017,2018-04-27,0.1577727199731284,struct:pep_0017
pep_0018,THPWDKRRANHLSKGNLMKGCMDFIKLWNASDGWPRQNQ,1,study_I00,clust_031,synthetic,Rattus_norvegicus,PDB_0031,emb_0018,2018-02-25,0.436661177934476,struct:pep_0018
pep_0019,YQESQVHFYPAPPMQPLDV,1,study_Q00,clust_018,literature,Escherichia_coli,PDB_0018,emb_0019,2024-09-13,0.367338309358702,struct:pep_0019
pep_0020,SNLVWWPVADRWHRFWSWGFLIETAIDHSQPEFVYYVFQ,1,study_E00,clust_070,uniprot,Rattus_norvegicus,PDB_4037,emb_0020,2018-03-30,0.3338895005685254,struct:pep_0020
pep_0021,AGRVGFSLYGFYVFIKPIAWNQNKAQSHH,1,study_K00,clust_056,literature,Rattus_norvegicus,,emb_0021,2018-01-08,0.6147392730043221,struct:pep_0021
pep_0022,FHTEEKYVHDVSKWLCQPYPLFEM,1,study_N00,clust_045,synthetic,Escherichia_coli,PDB_3358,emb_0022,2019-02-19,0.1775416274723768,struct:pep_0022
pep_0023,PYGRHQWPCPPIHWQHCCARTYPPTFRDSSWR,1,study_M00,clust_020,uniprot,Homo_sapiens,,emb_0023,2022-03-24,0.3486409007991519,struct:pep_0023
pep_0024,ARTAYMVNDSQDYHMFEWFDPWLSLQHSHEWVPLCDLRHS,1,study_L01,clust_025,synthetic,Escherichia_coli,PDB_4064,emb_0024,2024-02-12,0.377773375865559,struct:pep_0024
pep_0025,GVSYVESHTHPENIGCSA,1,study_H01,clust_046,uniprot,Escherichia_coli,,emb_0025,2020-07-07,0.2446570755214258,struct:pep_0025
pep_0027,MGVFAIFDSNDNKHCIITR,0,study_O00,clust_008,literature,Bos_taurus,PDB_4099,emb_0027,2025-04-30,0.3362910259103307,struct:pep_0027
pep_0028,GIDAAEQIGHRGMEVDTDEQWYQCRL,1,study_I01,clust_032,literature,Mus_musculus,PDB_1850,emb_0028,2019-11-25,0.0052039001313362,struct:pep_0028
pep_0030,THPWDKRRANHLSKGNLMSGCMDFIKLWNASDGWPRQNQ,0,study_M00,clust_031,synthetic,Escherichia_coli,PDB_0031,emb_0030,2020-05-10,0.1642424319552791,struct:pep_0030
pep_0031,LWMPMTTPERLYRWRIAYYAGY,0,study_C01,clust_049,internal_db,Escherichia_coli,PDB_3325,emb_0031,2022-08-06,0.3561947938788022,struct:pep_0031
pep_0032,REDYDPTGHWCAPYHRMFRY,0,study_B01,clust_022,literature,Homo_sapiens,PDB_6180,emb_0032,2022-09-23,0.2537289124832227,struct:pep_0032
pep_0033,LMFFVCMMYSFWLNGYAYKAIMSGIRA,0,study_F01,clust_072,internal_db,Mus_musculus,,emb_0033,2023-04-20,0.2118620396201024,struct:pep_0033
pep_0034,STGFEAWFLDSWTCHQAVA,0,study_E00,clust_011,literature,Homo_sapiens,PDB_2817,emb_0034,2022-05-04,0.3358036735187891,struct:pep_0034
pep_0035,KYFSHIMFVACWYSTYCNQPVGVWY,1,study_A00,clust_069,internal_db,Homo_sapiens,PDB_0069,emb_0035,2021-05-07,0.3118134719233756,struct:pep_0035
pep_0036,YSWSSKDLCDPTIRTNRVEHIWERKI,1,study_G01,clust_054,internal_db,Bos_taurus,PDB_0054,emb_0036,2020-06-22,0.5431585547569396,struct:pep_0036
pep_0037,YRPMESHHAVKCRVNCASPSRLFSSGTGCQ,1,study_V00,clust_071,literature,Homo_sapiens,PDB_3141,emb_0037,2019-05-19,0.260698640223763,struct:pep_0037
pep_0039,ARTAYMVNDQQDYHMFEWFDPWLSLQHSHEWYPLCDLRHS,0,study_M01,clust_025,literature,Rattus_norvegicus,PDB_0025,emb_0039,2024-07-28,0.2209884563394326,struct:pep_0039
pep_0040,PGCFVHYRSKCDCYDKSESS,1,study_I01,clust_036,internal_db,Mus_musculus,PDB_7412,emb_0040,2022-01-12,0.0544762118968683,struct:pep_0040
pep_0042,LGIFIGFDVHLAQFYAKFDKRQFWNI,1,study_I01,clust_001,synthetic,Bos_taurus,PDB_0001,emb_0042,2022-03-29,0.2857607564932638,struct:pep_0042
pep_0043,NGHLLYPLCNFENSRWWQYNV,0,study_N00,clust_007,internal_db,Unknown,PDB_0007,emb_0043,2019-05-06,0.4969748650713344,struct:pep_0043
pep_0044,HMGAGGCVIQWGQDSTFECNYCTTGDQLQLIKLWVQLK,1,study_N00,clust_015,uniprot,Unknown,,emb_0044,2018-03-24,0.5319756981110642,struct:pep_0044
pep_0045,GFFGDYHCPWRMNPAHPPYGKNEGDNRQYPTWFIHQMDEL,0,study_I01,clust_050,internal_db,Escherichia_coli,PDB_8517,emb_0045,2023-09-02,0.5749570401268734,struct:pep_0045
pep_0046,NGHLLYPLCNFENSRWWQCNV,0,study_L00,clust_007,uniprot,Bos_taurus,PDB_2657,emb_0046,2025-03-05,0.3517028578707655,struct:pep_0046
pep_0047,LGNFIGFDVHLAQNYAKFDKRQFKNI,1,study_C01,clust_001,uniprot,Mus_musculus,PDB_0001,emb_0047,2022-03-08,0.4583709136638446,struct:pep_0047
pep_0048,CSQTWAMKLDYKDICLIHDVRAFRSHAAEGCTFLLCWR,1,study_M01,clust_034,uniprot,Escherichia_coli,PDB_5781,emb_0048,2020-05-16,0.4175087717762726,struct:pep_0048
pep_0049,SRLVWWPVADRWHRFLSWGFLIETAIDHSQPEFVYYVFQ,1,study_V00,clust_070,internal_db,Homo_sapiens,,emb_0049,2020-09-23,0.1529624946147115,struct:pep_0049
pep_0050,SFDNENAENDQEHRRNKLKGSQQ,0,study_C01,clust_065,internal_db,Unknown,,emb_0050,2025-09-27,0.2721227674788402,struct:pep_0050
pep_0051,WLKHESYDRCLRGNSHYKRTQMKPFMVCDSHQVLNQYH,1,study_T00,clust_033,uniprot,Bos_taurus,PDB_2116,emb_0051,2019-12-15,0.1192265987900023,struct:pep_0051
pep_0052,PYYMTFHQHEETMWKILLSSVKA,1,study_D00,clust_068,uniprot,Escherichia_coli,PDB_0068,emb_0052,2025-09-08,0.2888064825015214,struct:pep_0052
pep_0053,WQNQMENYKRVYFRRVGLHGTNKNRKYKPFWSVIW,0,study_V00,clust_002,literature,Bos_taurus,PDB_0002,emb_0053,2022-12-29,0.3741222963572942,struct:pep_0053
pep_0054,ELPICASKSTGVGEAMVTACKGKMYPNIHLVI,1,study_U00,clust_035,uniprot,Unknown,PDB_0035,emb_0054,2020-08-14,0.2499593793568661,struct:pep_0054
pep_0055,SWEKMPHECVMVNAMSHWKRCRMTGMSEGVKT,0,study_D01,clust_080,internal_db,Bos_taurus,PDB_6488,emb_0055,2024-02-05,0.3257183931827828,struct:pep_0055
pep_0056,LIWTWDTQTGPYQILLRAERSIG,1,study_G01,clust_023,synthetic,Unknown,PDB_1396,emb_0056,2018-09-05,0.2484788829218649,struct:pep_0056
pep_0057,ARTAYMVNDQQDYHMFEWFDPWLSLQHSHEWVPLCDLRHS,1,study_Q00,clust_025,uniprot,Homo_sapiens,PDB_0025,emb_0057,2019-09-05,0.3032342818972757,struct:pep_0057
pep_0059,GIDAAEQIGHRGMEVQTDEQWYPCRL,0,study_N01,clust_032,uniprot,Mus_musculus,PDB_1997,emb_0059,2018-11-04,0.2412549118374838,struct:pep_0059
pep_0060,NISAWCFREDDKINSSLFMTFNVERER,1,study_E00,clust_043,literature,Bos_taurus,PDB_8369,emb_0060,2024-10-23,0.413200506697205,struct:pep_0060
pep_0062,IFNSVRFKMPTFTHKEWRVYTYCP,1,study_L00,clust_053,uniprot,Homo_sapiens,PDB_0053,emb_0062,2024-03-06,0.425958055222318,struct:pep_0062
pep_0063,TWYCDHYKAYGWPVGTPPNMRCYRE,0,study_O00,clust_051,uniprot,Homo_sapiens,PDB_0051,emb_0063,2019-09-22,0.4800189003761285,struct:pep_0063
pep_0065,WFGRNNFFIKMKKICAVTFM,0,study_D01,clust_057,uniprot,Rattus_norvegicus,PDB_0057,emb_0065,2019-11-03,0.3756536194909921,struct:pep_0065
pep_0066,CSQTWAMKLDYQDVCLIHDVRAFRSHAAEGCTFLLCWR,0,study_L00,clust_034,internal_db,Rattus_norvegicus,PDB_0034,emb_0066,2025-02-26,0.4982162073335336,struct:pep_0066
pep_0067,KMHSPVALAHQLEKAPHWLFYLCPNRCPQLENLETGH,1,study_P00,clust_062,synthetic,Homo_sapiens,PDB_0062,emb_0067,2023-10-09,0.5816822120393883,struct:pep_0067
pep_0068,GFQGQWKHTTACQIRIRKTLHSCQKTENMRRIM,0,study_N01,clust_039,internal_db,Escherichia_coli,PDB_0039,emb_0068,2020-08-05,0.3382661789828912,struct:pep_0068
pep_0069,SWAWFMTLGLPKNQRVPGHDGRITQF,0,study_E01,clust_037,synthetic,Rattus_norvegicus,PDB_0037,emb_0069,2018-05-30,0.2037379539385685,struct:pep_0069
pep_0071,KMHSPVYLAHQLEKAPHWLFYLCQNRCPQLENLETGH,1,study_O00,clust_062,uniprot,Escherichia_coli,PDB_0062,emb_0071,2020-04-21,0.3805463705058545,struct:pep_0071
pep_0072,GVSYVESHTHPFNIGESV,1,study_Z00,clust_046,uniprot,Escherichia_coli,PDB_0046,emb_0072,2018-03-07,0.1948159191924992,struct:pep_0072
pep_0073,VDSKQQIGLIGRTGMHPWM,1,study_L01,clust_077,internal_db,Unknown,PDB_5541,emb_0073,2020-09-29,0.0060803509874527,struct:pep_0073
pep_0074,ELPICASKSTGFGEAMVTACKGKMYPNPHLVI,1,study_Z00,clust_035,synthetic,Mus_musculus,PDB_6959,emb_0074,2020-05-27,0.1699765135797591,struct:pep_0074
pep_0075,GVFALEEHFAEGVLLPKCSNAPSNWKQGACVNQM,0,study_M01,clust_058,literature,Unknown,,emb_0075,2024-11-04,0.4832162579091583,struct:pep_0075
pep_0077,TTACSGIEAQVHRSCQCHKSTFFFAGYDLGSHSAY,1,study_C00,clust_021,uniprot,Rattus_norvegicus,PDB_0021,emb_0077,2019-03-27,0.4440655007530955,struct:pep_0077
pep_0078,YCVCEYFVNVPLFVLKDNCAGAETKDMQGY,1,study_K00,clust_009,synthetic,Bos_taurus,,emb_0078,2025-03-04,0.6339947957205088,struct:pep_0078
pep_0079,WQNQMENYKRVLFRRVGLHGTNKNRKYKPFWNVIW,0,study_I01,clust_002,synthetic,Escherichia_coli,PDB_7763,emb_0079,2024-07-22,0.4837166304442996,struct:pep_0079
pep_0080,GDNILLLLEWPVWIHQWRDKWVQPFTNSHEHWSFDHSFR,0,study_B01,clust_061,synthetic,Unknown,PDB_0061,emb_0080,2018-07-29,0.6370799500851799,struct:pep_0080
pep_0081,YERMTNHDFFGFLMKTPVFHQKSFVHEYCD,1,study_S00,clust_074,uniprot,Rattus_norvegicus,PDB_0074,emb_0081,2021-08-12,0.2959521114597439,struct:pep_0081
pep_0082,NPIGWTMEDMQRQPPDHWQT,0,study_I01,clust_029,uniprot,Homo_sapiens,,emb_0082,2023-06-24,0.0915607513558905,struct:pep_0082
pep_0086,AVNRWMWQHGQNAIRTRYWMITCF,0,study_V00,clust_079,internal_db,Bos_taurus,PDB_5465,emb_0086,2018-02-27,0.0370808564781016,struct:pep_0086
pep_0087,SRLVWWPVADRDHRFWSWGFLIETAIDHSQPEFVYYVFA,0,study_M01,clust_070,internal_db,Rattus_norvegicus,PDB_5991,emb_0087,2020-10-07,0.2978951140361335,struct:pep_0087
pep_0088,LTAFLEQLKWYDSTNCAMMFCVVTSIHLCPTGFKQHKQ,0,study_X00,clust_005,internal_db,Homo_sapiens,PDB_7791,emb_0088,2019-03-08,0.6477865000775103,struct:pep_0088
pep_0089,EDGDEKFIYLEESRYECWVQFSIS,0,study_N01,clust_016,literature,Homo_sapiens,PDB_8416,emb_0089,2024-04-23,0.4783599847039921,struct:pep_0089
pep_0090,KMHSPMYLAHQLEKAPHWLFYLCQNRCPQLENLETGE,0,study_D01,clust_062,internal_db,Escherichia_coli,PDB_4225,emb_0090,2024-09-21,0.6364474525980577,struct:pep_0090
pep_0092,ENENCIMIAWEMHATVALCEIGCRFMDVFPMWHVMQG,1,study_D01,clust_042,synthetic,Escherichia_coli,,emb_0092,2018-01-07,0.5598292348362177,struct:pep_0092
pep_0093,WQNQMENNKRVYFRRVRLHGTNKNRKYKPFWSVIW,0,study_P00,clust_002,synthetic,Homo_sapiens,PDB_4561,emb_0093,2024-07-13,0.3684920015977685,struct:pep_0093
pep_0094,GCCRILMQGVQRKYHEGSNTYDDGNEQTNEILDYI,0,study_D00,clust_064,synthetic,Homo_sapiens,PDB_0064,emb_0094,2019-07-25,0.6191449562275564,struct:pep_0094
pep_0098,KYFSHIFRVACWYSTYCNQPVGVWY,1,study_W00,clust_069,synthetic,Escherichia_coli,,emb_0098,2021-06-15,0.2293841315611973,struct:pep_0098
pep_0100,LMFFVCMMYSFWLNGYAGKACMSGIRA,1,study_L00,clust_072,internal_db,Rattus_norvegicus,PDB_1584,emb_0100,2021-08-02,0.1221088025314312,struct:pep_0100
pep_0101,LWMPMTTPERLYRWRIQYYAGY,1,study_W00,clust_049,synthetic,Homo_sapiens,,emb_0101,2024-11-03,0.3823210483962282,struct:pep_0101
pep_0102,HVGAGGCCIWWGQDSTFECNYCTTGDQLQLIKLWVQLK,0,study_M01,clust_015,literature,Bos_taurus,PDB_4039,emb_0102,2021-01-29,0.5974956216270986,struct:pep_0102
pep_0103,VCRWSKWAIKCSSRLIKCCLRFMYNWIAN,0,study_P00,clust_044,literature,Unknown,PDB_4024,emb_0103,2023-11-07,0.4162342903911714,struct:pep_0103
pep_0104,FIWTWETQTGPYQILLAAERRIG,1,study_R00,clust_023,uniprot,Rattus_norvegicus,PDB_5218,emb_0104,2025-05-18,0.3089841921075769,struct:pep_0104
pep_0105,LWMPMTTPERLYRWRIAYVAGD,1,study_C00,clust_049,literature,Homo_sapiens,PDB_0049,emb_0105,2019-11-18,0.486336702800881,struct:pep_0105
pep_0107,WQNQMENYKRVYFRRVGLHGTNPNRKYKPFWSVIW,1,study_C01,clust_002,internal_db,Mus_musculus,PDB_8813,emb_0107,2019-03-26,0.5436508178387824,struct:pep_0107
pep_0108,TWYCDHYKAYGWPVGTPSNMRDYRE,1,study_L01,clust_051,synthetic,Unknown,PDB_9835,emb_0108,2019-12-26,0.3260078230981407,struct:pep_0108
pep_0109,FQICHICFIIFPLVRAVN,0,study_P00,clust_063,internal_db,Escherichia_coli,PDB_4967,emb_0109,2022-04-12,0.328138607679339,struct:pep_0109
pep_0111,IVEVQVRIAYPYDDYEHTHGWSYMK,1,study_F01,clust_073,internal_db,Homo_sapiens,PDB_0073,emb_0111,2019-11-26,0.2499503539058789,struct:pep_0111
pep_0112,NPIHWTMEDMQRQPPDNWQT,0,study_N01,clust_029,uniprot,Mus_musculus,PDB_5030,emb_0112,2024-10-18,0.0535063665526782,struct:pep_0112
pep_0113,QTISYLHEYYMLLSAGTMC,1,study_D00,clust_026,synthetic,Homo_sapiens,PDB_8403,emb_0113,2022-04-12,0.1555443539759212,struct:pep_0113
pep_0116,ICHMPGMVMRCRPNPWEYSMEETVSEIC,1,study_G00,clust_040,synthetic,Rattus_norvegicus,PDB_3799,emb_0116,2022-08-07,0.2978474434151231,struct:pep_0116
pep_0117,VCRWSKWAIKCSSRLIKTCLRFMYNWIAN,1,study_A01,clust_044,uniprot,Mus_musculus,PDB_0044,emb_0117,2020-08-11,0.3687965099464861,struct:pep_0117
pep_0119,FQICHICFIIFPLVRVVN,0,study_N00,clust_063,internal_db,Rattus_norvegicus,PDB_4522,emb_0119,2019-05-04,0.3930823052927318,struct:pep_0119
pep_0121,NHSMCCICWCPPRVTFNQYAVKVDR,1,study_Y00,clust_076,literature,Escherichia_coli,PDB_0076,emb_0121,2025-01-09,0.2155603111791669,struct:pep_0121
pep_0122,FHTEEKYVHDVSKWLFQPYPLFEM,0,study_A01,clust_045,literature,Escherichia_coli,PDB_0045,emb_0122,2018-02-04,0.2879233819566961,struct:pep_0122
pep_0124,GFQGQWKHTTACQIRIRKTLTSCQKTENMRRIM,1,study_E00,clust_039,internal_db,Mus_musculus,PDB_5642,emb_0124,2019-11-27,0.401539502188467,struct:pep_0124
pep_0125,AGRVGFSLYGFYVFIKPIAWNQNKAQDHH,1,study_S00,clust_056,literature,Homo_sapiens,,emb_0125,2022-07-23,0.5029021344180646,struct:pep_0125
pep_0126,FIWTWDTQTGPYPILLFAERRIG,0,study_L01,clust_023,internal_db,Homo_sapiens,PDB_1323,emb_0126,2025-09-30,0.1810124199488674,struct:pep_0126
pep_0127,FINTWDTQTGPYQILLRAERRIG,1,study_C01,clust_023,synthetic,Bos_taurus,PDB_0023,emb_0127,2019-01-09,0.3388251022438296,struct:pep_0127
pep_0128,PTDVHRCFSQIFCEWALSLRHIDQLKMNS,0,study_R00,clust_075,internal_db,Unknown,PDB_2765,emb_0128,2024-12-17,0.1312707447902953,struct:pep_0128
pep_0130,RDRQVKEAVHESCVLMEYKGWFVVPHFGWGKTWVTSHM,1,study_J00,clust_041,synthetic,Rattus_norvegicus,PDB_0041,emb_0130,2024-07-29,0.2448598524625597,struct:pep_0130
pep_0132,WFGRNNHFIKMKKICAVTFM,0,study_G01,clust_057,uniprot,Rattus_norvegicus,PDB_2800,emb_0132,2023-12-03,0.3425191726199573,struct:pep_0132
pep_0133,NSSAWCFREDDKHNSSLFMTFNVERER,0,study_S00,clust_043,internal_db,Rattus_norvegicus,PDB_5828,emb_0133,2025-09-24,0.3895381618270461,struct:pep_0133
pep_0134,LCEELPPSPKFFRLATAVKKMIINQGSQKFRWVRHPSHA,1,study_A01,clust_010,uniprot,Escherichia_coli,PDB_3134,emb_0134,2022-07-28,0.4895063527903346,struct:pep_0134
pep_0136,SWAWFMTLGLPKNQRVPGHDGRITQF,0,study_L01,clust_037,uniprot,Homo_sapiens,PDB_0037,emb_0136,2024-12-13,0.210138970027811,struct:pep_0136
pep_0138,SRLVWWPVDDRWHRFWSWGFLIETAIDHSQPEFVYYVFQ,0,study_K00,clust_070,uniprot,Escherichia_coli,PDB_0070,emb_0138,2019-05-18,0.2559012554789271,struct:pep_0138
pep_0139,SERMTNHDFFGFLMKTPVFHQKSFVHEYCD,0,study_Q00,clust_074,synthetic,Unknown,PDB_1002,emb_0139,2018-06-25,0.1950800423655854,struct:pep_0139
pep_0140,LCEELPPSPKFFRLATAVKKMIINQGSQKFRWVRHPSHA,1,study_Q00,clust_010,literature,Unknown,PDB_7914,emb_0140,2021-04-29,0.6321128519194091,struct:pep_0140
pep_0141,PGCFVHYRSKCDCYDKSESY,0,study_E01,clust_036,internal_db,Escherichia_coli,PDB_0036,emb_0141,2021-01-21,0.3410769292691942,struct:pep_0141
pep_0142,TDNILLLLEWPVWSHQWRDKWVQPFTNSHEHWSFDHSFE,1,study_A01,clust_061,uniprot,Homo_sapiens,PDB_6192,emb_0142,2023-05-27,0.5690280520360816,struct:pep_0142
pep_0144,CSVDVFDNYAMNQWQTPGPHPTEYHEP,1,study_H01,clust_030,uniprot,Bos_taurus,PDB_8528,emb_0144,2022-04-12,0.0990784831739345,struct:pep_0144
pep_0145,ELPICASKSTGFGEAMVTADKMKMYPNIHLVI,1,study_C01,clust_035,literature,Escherichia_coli,PDB_5114,emb_0145,2021-04-08,0.0080488224874959,struct:pep_0145
pep_0146,RDRQVKEAVHMSCVLMEYKGWFVVPCFNWGKTWVTSHM,1,study_U00,clust_041,synthetic,Mus_musculus,,emb_0146,2021-07-16,0.2544969733468161,struct:pep_0146
pep_0147,YWMPMTTPERLYTWRIAYYAGY,1,study_E00,clust_049,literature,Unknown,,emb_0147,2019-12-28,0.3685374019621045,struct:pep_0147
pep_0148,IVEVQVRIAYPYDDYEHTHGWSYMK,1,study_B01,clust_073,literature,Escherichia_coli,,emb_0148,2019-05-18,0.1340278427753026,struct:pep_0148
pep_0149,AVSYVESHTHPFNQGESA,1,study_C01,clust_046,internal_db,Homo_sapiens,PDB_8736,emb_0149,2018-11-15,0.2595127478810201,struct:pep_0149
pep_0153,GTIYKLYKLTSTRFCYNDRV,1,study_P00,clust_048,internal_db,Mus_musculus,,emb_0153,2025-10-12,0.3532235002829883,struct:pep_0153
pep_0154,HPGTEMRGLLFPTCFGAQWPDMKLGMFQDDLDMMM,0,study_X00,clust_067,uniprot,Escherichia_coli,PDB_2972,emb_0154,2025-12-07,0.3803588851465673,struct:pep_0154
pep_0155,NGHLLYPLCNFENSRWWQCNV,0,study_R00,clust_007,literature,Rattus_norvegicus,PDB_0007,emb_0155,2025-12-22,0.3270996304331828,struct:pep_0155
pep_0156,YQECQVHFYCAPPMQPLDV,0,study_F00,clust_018,synthetic,Escherichia_coli,PDB_1430,emb_0156,2021-03-24,0.3769905891599969,struct:pep_0156
pep_0157,YSVCEYFVNVPLFVLKDNCAGAETKDMQGY,1,study_B00,clust_009,synthetic,Homo_sapiens,PDB_0009,emb_0157,2023-04-25,0.5814804245824056,struct:pep_0157
pep_0158,IVEVQVRIIYPYDDYEHTHGWSYMK,0,study_F01,clust_073,literature,Unknown,,emb_0158,2025-06-22,0.2218614356750954,struct:pep_0158
pep_0159,TWYCSHYKAYGWPVGTPSNMRCYRE,1,study_G01,clust_051,synthetic,Unknown,PDB_0051,emb_0159,2022-07-19,0.4840445291318713,struct:pep_0159
pep_0160,HVKYVYAWFQMIRAPKEFCMRADDENDYGWSW,0,study_R00,clust_024,internal_db,Escherichia_coli,,emb_0160,2023-01-31,0.3472962862457988,struct:pep_0160
pep_0161,CSQYWRMKLDYQDVCLIHDVRAFRSHAAEGCTFLLCWR,0,study_P00,clust_034,internal_db,Mus_musculus,,emb_0161,2019-11-30,0.4012689382808246,struct:pep_0161
pep_0162,AMFAVCMMYSFWLNGYAGKACMSGIRA,0,study_F01,clust_072,synthetic,Bos_taurus,,emb_0162,2018-09-27,0.0422798104587002,struct:pep_0162
pep_0163,HPGTEMRGLLFPTCFGDQWPDMKLGMFQDDLDMMD,0,study_D00,clust_067,synthetic,Mus_musculus,PDB_1302,emb_0163,2025-06-01,0.4610744348543349,struct:pep_0163
pep_0164,NHSMCCICWCGPRVTQNQYAVKVDR,0,study_M00,clust_076,internal_db,Homo_sapiens,PDB_0076,emb_0164,2021-06-22,0.152511605486174,struct:pep_0164
pep_0165,EKHAFVMLTHQVLAHDEFD,0,study_S00,clust_014,uniprot,Unknown,PDB_0014,emb_0165,2018-10-31,0.4584912550916659,struct:pep_0165
pep_0166,LGIFIGFDVHLAQFYQKFDKRQFKNI,1,study_J00,clust_001,literature,Bos_taurus,PDB_1582,emb_0166,2022-12-08,0.378253948627662,struct:pep_0166
pep_0167,LWMPMTTPERLYRWRIAYYAGY,0,study_Y00,clust_049,synthetic,Homo_sapiens,PDB_9200,emb_0167,2018-05-10,0.4661906803094023,struct:pep_0167
pep_0171,IVEVQVIWAYPYDDYEHTHGWSYMK,0,study_C00,clust_073,internal_db,Escherichia_coli,PDB_6194,emb_0171,2024-02-25,0.1920146724219428,struct:pep_0171
pep_0172,HIDAAEQIGHRAMEVQTDEQWYPCRL,0,study_A01,clust_032,internal_db,Homo_sapiens,PDB_8586,emb_0172,2019-03-18,0.1204062224319424,struct:pep_0172
pep_0173,DMGAGGCCIQWGQDSTFECNYCTTGDQLQLIKLWGQLK,1,study_J00,clust_015,literature,Rattus_norvegicus,PDB_0015,emb_0173,2020-02-08,0.6103924193576551,struct:pep_0173
pep_0174,VDSKQQIGPIGRTGMHPWM,0,study_P00,clust_077,internal_db,Bos_taurus,PDB_2445,emb_0174,2020-05-11,0.0754599670880426,struct:pep_0174
pep_0175,ELPICASKSTGFGEAMVTACKGKMYPNIHLVI,1,study_G00,clust_035,internal_db,Unknown,PDB_0035,emb_0175,2019-05-24,0.2392181278558386,struct:pep_0175
pep_0176,GIDAFELIGHRGMEVQTDEQWYPCRL,1,study_Y00,clust_032,internal_db,Unknown,,emb_0176,2019-07-30,0.1847421857412255,struct:pep_0176
pep_0178,GCFRILMQGVQRKDHEGSNTYDDGNEQTNEILDYI,1,study_T00,clust_064,uniprot,Mus_musculus,,emb_0178,2022-04-22,0.5959370606174098,struct:pep_0178
pep_0180,YERMTNMDFFGFLCKTPVFHQKSFVHEYCD,0,study_C01,clust_074,uniprot,Mus_musculus,,emb_0180,2025-03-05,0.1677203417957942,struct:pep_0180
pep_0181,GVSYYESCTHPFNIGESA,1,study_O00,clust_046,internal_db,Homo_sapiens,PDB_7114,emb_0181,2024-12-28,0.2807244635834581,struct:pep_0181
pep_0183,YERMINHDFFGFLMKTPVFHQKSFVHEYCD,1,study_A00,clust_074,internal_db,Unknown,,emb_0183,2025-09-19,0.2497430710201404,struct:pep_0183
pep_0184,CSQTWAMKLDYQDVCLIHDVRAFRSHAAEGCTFLLCWR,1,study_V00,clust_034,internal_db,Bos_taurus,PDB_0034,emb_0184,2020-05-25,0.2387820905160031,struct:pep_0184
pep_0185,NGHLLYPLCNFENSRWWQCNV,1,study_D01,clust_007,literature,Bos_taurus,,emb_0185,2020-12-09,0.3923173277267096,struct:pep_0185
pep_0186,VPSAQQIGLIGRTGMHPWM,1,study_T00,clust_077,internal_db,Mus_musculus,PDB_3934,emb_0186,2023-11-05,0.0,struct:pep_0186
pep_0189,GFQGQWKHTTACQIRIRKTLHSCQKTENMRRIM,0,study_T00,clust_039,literature,Unknown,PDB_0039,emb_0189,2020-02-04,0.2140674832467624,struct:pep_0189
pep_0190,LCEELPPSPKFFRLATAVKKMIINQGSQKKRLVRHPSHA,1,study_D00,clust_010,uniprot,Mus_musculus,,emb_0190,2023-12-21,0.7344679175035317,struct:pep_0190
pep_0191,WFGRNNFFIKMKKICAVTFM,1,study_L00,clust_057,synthetic,Homo_sapiens,PDB_0057,emb_0191,2019-12-16,0.3451379305134535,struct:pep_0191
pep_0192,VDSKQQIGLIGRTGMPPWM,1,study_K00,clust_077,literature,Unknown,PDB_0077,emb_0192,2023-06-08,0.1753494184890751,struct:pep_0192
pep_0193,GFFGDCHLPWRMNPAHPPYGPNEGDNRQYPTWFIHQMDEL,1,study_J00,clust_050,uniprot,Rattus_norvegicus,PDB_4425,emb_0193,2022-07-20,0.6133809142426869,struct:pep_0193
pep_0194,IWLQHNQCMPRDDCYALHRTVPMCLTQFF,1,study_S00,clust_006,internal_db,Mus_musculus,PDB_7557,emb_0194,2023-04-01,0.3861519543655104,struct:pep_0194
pep_0195,FLYFCTQKISAYEIMTTAWRMIYCTQITAENFRNFNILW,0,study_I00,clust_012,synthetic,Bos_taurus,PDB_0012,emb_0195,2022-09-02,0.588861348952358,struct:pep_0195
pep_0196,NHSMCCICWCPPRVTFNQYHVKVDR,0,study_J01,clust_076,uniprot,Homo_sapiens,PDB_6308,emb_0196,2023-09-13,0.2185509805789604,struct:pep_0196
pep_0198,ARTAYMVNDYQDDHMFEWFDPWLSLQHSHEWVPLCDLRHS,1,study_L01,clust_025,uniprot,Homo_sapiens,PDB_3238,emb_0198,2019-03-11,0.2429242001294733,struct:pep_0198
pep_0200,GIDAAEQIRHCGMEVQTDEQWYPCRL,1,study_H01,clust_032,uniprot,Bos_taurus,PDB_3795,emb_0200,2018-10-28,0.1054338431695537,struct:pep_0200
pep_0201,PGCFVHYRSKCDCYDKSESY,0,study_Z00,clust_036,synthetic,Unknown,PDB_9407,emb_0201,2020-05-05,0.1949409753875841,struct:pep_0201
pep_0203,YRPMESHHQVKCNVNCASPSRLFSSGTGCQ,1,study_J00,clust_071,literature,Bos_taurus,,emb_0203,2024-05-24,0.2868034037261607,struct:pep_0203
pep_0205,VCRWSKWAIKCSSRLIKTCLRFMYNWIAN,1,study_C00,clust_044,internal_db,Escherichia_coli,PDB_8360,emb_0205,2018-05-01,0.3129187927495904,struct:pep_0205
pep_0208,YCVCEYFVNVPLFVLKDNCAGAETKDMQGY,1,study_R00,clust_009,synthetic,Rattus_norvegicus,PDB_2169,emb_0208,2019-08-29,0.6332498571665117,struct:pep_0208
pep_0210,FHTEEKYVHDVSKWLFQPYPLFEM,0,study_D01,clust_045,literature,Mus_musculus,PDB_0045,emb_0210,2025-10-23,0.2589139095825142,struct:pep_0210
pep_0212,AVNRWMWQRGQNPIRTRYWMITCF,0,study_T00,clust_079,uniprot,Homo_sapiens,PDB_4113,emb_0212,2022-06-03,0.1853516905486074,struct:pep_0212
pep_0213,VDSKQQIGQAGRTGMHPWM,0,study_E00,clust_077,internal_db,Bos_taurus,PDB_0077,emb_0213,2023-07-25,0.0470590448742358,struct:pep_0213
pep_0214,EDCLWMPECMPQWELRMTTRQWNTCLIWMMTGSQAW,0,study_D01,clust_052,synthetic,Escherichia_coli,PDB_0052,emb_0214,2020-06-09,0.5688275539404392,struct:pep_0214
pep_0216,EASDEKRAQFATFINFQQANNMNHEFGWG,0,study_C01,clust_017,synthetic,Bos_taurus,,emb_0216,2022-03-20,0.4644772207655952,struct:pep_0216
pep_0217,IKHMPGMVMRCRPNPWTYSCEETVGEIC,0,study_N00,clust_040,literature,Homo_sapiens,PDB_8456,emb_0217,2018-08-08,0.2371695386138663,struct:pep_0217
pep_0218,LWMPMTTPERLYQWRIAYYAGY,1,study_H01,clust_049,uniprot,Mus_musculus,PDB_0049,emb_0218,2018-08-03,0.314270062697196,struct:pep_0218
pep_0220,FQICHICFIIFPLVRVVN,1,study_A01,clust_063,uniprot,Mus_musculus,PDB_8673,emb_0220,2022-01-16,0.3380845622134214,struct:pep_0220
pep_0222,GIDAAEQIGHRGTEVQTDELWYPCRL,1,study_T00,clust_032,uniprot,Escherichia_coli,PDB_0032,emb_0222,2022-09-30,0.0682147168745942,struct:pep_0222
pep_0223,AQFQCNNGNPILTSHAEMGCIILNYPTLAAH,1,study_C01,clust_027,synthetic,Escherichia_coli,PDB_7144,emb_0223,2023-04-30,0.3556007767132007,struct:pep_0223
pep_0225,NPIHWTMEDMQRQPPDNWQT,1,study_I01,clust_029,literature,Mus_musculus,,emb_0225,2024-08-23,0.0297090656186712,struct:pep_0225
pep_0227,ARTAYMVNDSRDYHMFEWFDPWLSLQHSHEWVPLCDLRHS,1,study_B01,clust_025,synthetic,Unknown,PDB_0025,emb_0227,2021-02-26,0.2805604829138551,struct:pep_0227
pep_0228,IKHMPGMVMRCRPAPWEYSCEETVSEIC,0,study_D01,clust_040,literature,Rattus_norvegicus,PDB_5032,emb_0228,2024-09-02,0.119546671145349,struct:pep_0228
pep_0229,HVKYVYAWFTMIRAPKEFCMRADDENDYGWSW,0,study_G01,clust_024,uniprot,Unknown,,emb_0229,2025-12-06,0.4003287874600424,struct:pep_0229
pep_0230,KMHSPVYLAHQLEKAPHWLFYLCQNRCPQLENLETGH,1,study_A00,clust_062,uniprot,Unknown,,emb_0230,2018-08-08,0.6898921928835604,struct:pep_0230
pep_0231,PYYMTFHQHEETMEKILLSSVKA,1,study_S00,clust_068,internal_db,Escherichia_coli,PDB_0068,emb_0231,2018-12-30,0.3710800973713407,struct:pep_0231
pep_0232,FHTEEKYVHDVSKWLFQNYPLFRM,0,study_L00,clust_045,literature,Homo_sapiens,PDB_5986,emb_0232,2023-11-12,0.1765264835462448,struct:pep_0232
pep_0233,EDWQGAHFTRELSFHCTIR,1,study_F00,clust_078,internal_db,Unknown,PDB_0078,emb_0233,2025-04-07,0.0748437888571757,struct:pep_0233
pep_0234,ENENCIMIAWEMHATVALCEIGCRFMDVDPMWHVMQG,0,study_A00,clust_042,internal_db,Bos_taurus,,emb_0234,2023-04-22,0.3921277599561692,struct:pep_0234
pep_0235,YQESQVMFYPAPPMQPLDV,0,study_A00,clust_018,synthetic,Rattus_norvegicus,PDB_4799,emb_0235,2024-09-21,0.3113367207980546,struct:pep_0235
pep_0237,NHQMCCICWCPPRVTFNQYAVKVDR,0,study_U00,clust_076,synthetic,Homo_sapiens,,emb_0237,2020-11-26,0.1229443884814327,struct:pep_0237
pep_0240,FQICHICFIIFPLVRVVN,0,study_A01,clust_063,synthetic,Unknown,PDB_5071,emb_0240,2023-03-10,0.3125534554541063,struct:pep_0240
pep_0241,THPWDKRRANHLSKGNLMKGCMDFIKLWNASDGWPRQNQ,1,study_H00,clust_031,uniprot,Mus_musculus,PDB_0031,emb_0241,2021-02-14,0.266803459586091,struct:pep_0241
pep_0242,IKHMPGMVDRCRPNPWSYSCEETVSEIC,1,study_H01,clust_040,synthetic,Escherichia_coli,PDB_3710,emb_0242,2018-02-28,0.0383551316995166,struct:pep_0242
pep_0243,YRPMESHHAVKCRVNCASPSRLFSSGTGCQ,0,study_Q00,clust_071,uniprot,Rattus_norvegicus,PDB_4376,emb_0243,2021-05-27,0.2602275031427183,struct:pep_0243
pep_0244,VCRWSKWAIKCSSRLIKTCLRFMYNWIAN,0,study_E01,clust_044,uniprot,Rattus_norvegicus,PDB_0044,emb_0244,2024-12-13,0.3226414374525355,struct:pep_0244
pep_0245,REDYDPTGHWCAPYHRDFRY,0,study_T00,clust_022,literature,Unknown,PDB_0022,emb_0245,2020-07-12,0.4588275579977316,struct:pep_0245
pep_0246,STGFEAWFLDSWTCQQAVA,0,study_C01,clust_011,synthetic,Mus_musculus,,emb_0246,2025-10-17,0.3148929263816795,struct:pep_0246
pep_0247,LWMPMTTPERLPRWRIAYYAGY,1,study_N01,clust_049,synthetic,Unknown,,emb_0247,2022-08-12,0.4141212382419201,struct:pep_0247
pep_0248,QTDSYLHEYYMACSAGTMC,1,study_L01,clust_026,uniprot,Mus_musculus,PDB_0026,emb_0248,2019-12-07,0.1305018900020646,struct:pep_0248
pep_0249,GFQGQWKHTTACQIRIRKTLHSCQKTENMGRIM,1,study_H00,clust_039,internal_db,Mus_musculus,PDB_0039,emb_0249,2018-04-06,0.4119630047615096,struct:pep_0249
pep_0251,WLKHESYDRCLRGNSHYKRTQMKPFMVCDSHQVLNQYH,1,study_J00,clust_033,uniprot,Bos_taurus,PDB_9001,emb_0251,2022-09-06,0.317531178497757,struct:pep_0251
pep_0252,DKHAFVMLTHQVLYHDEFQ,1,study_N00,clust_014,synthetic,Rattus_norvegicus,,emb_0252,2023-07-07,0.4989818872087637,struct:pep_0252
pep_0254,PYRMTFHQHEETMWKILLSSVKA,0,study_B00,clust_068,literature,Escherichia_coli,,emb_0254,2025-02-02,0.3325536421289018,struct:pep_0254
pep_0255,TWYCDHYKAYGWPVGTPSNMRCYVE,0,study_J00,clust_051,synthetic,Mus_musculus,PDB_5704,emb_0255,2021-03-07,0.3789907830529179,struct:pep_0255
pep_0256,VCRWSKWAIKKSSRLIKTCLRFMYNWIAR,1,study_K00,clust_044,uniprot,Escherichia_coli,PDB_0044,emb_0256,2022-01-07,0.3886084787547693,struct:pep_0256
pep_0257,NISACCFREDDKHNSSLFMTFNVERER,1,study_L01,clust_043,internal_db,Homo_sapiens,PDB_6517,emb_0257,2025-03-14,0.3332219751828032,struct:pep_0257
pep_0259,LGIFIGFDVHLCQFYAKFDKRQFKNI,1,study_X00,clust_001,synthetic,Escherichia_coli,PDB_0001,emb_0259,2024-03-04,0.2797463551391652,struct:pep_0259
pep_0260,VDSKQMIGRIGRTGMHPWM,1,study_J01,clust_077,synthetic,Rattus_norvegicus,PDB_0077,emb_0260,2021-10-03,0.1243640012955508,struct:pep_0260
pep_0261,HVKYVYAWFQMIRAPKEFCMRADDENDYGWSW,1,study_J01,clust_024,internal_db,Homo_sapiens,PDB_0024,emb_0261,2025-07-14,0.3610073787535419,struct:pep_0261
pep_0262,TANLVENQQPHHTGEDVDNAVH,0,study_C00,clust_055,internal_db,Mus_musculus,,emb_0262,2024-11-11,0.284798084173025,struct:pep_0262
pep_0264,REDYDPTGHWCAPACRMFRY,1,study_L01,clust_022,uniprot,Bos_taurus,PDB_0022,emb_0264,2018-07-20,0.3071703436423566,struct:pep_0264
pep_0268,FFQDALCRGEMAMLMPSSVDIACRWCA,0,study_C00,clust_059,literature,Rattus_norvegicus,PDB_0059,emb_0268,2019-12-03,0.5566325140438952,struct:pep_0268
pep_0269,FHEEEKYVHDVSKWLFQPYPLFEM,1,study_V00,clust_045,synthetic,Escherichia_coli,,emb_0269,2021-11-27,0.3048177299163955,struct:pep_0269
pep_0271,IFPSARFKMPTFTHKEWRTYTYCG,0,study_H01,clust_053,literature,Bos_taurus,PDB_0053,emb_0271,2024-05-11,0.3590191191978167,struct:pep_0271
pep_0272,GFQGQWKHTTACQIRIRKTLWSWQKTENMRRIM,0,study_Q00,clust_039,literature,Bos_taurus,PDB_9938,emb_0272,2021-01-19,0.325025312253535,struct:pep_0272
pep_0274,IKHAFVMLTHQVLAHEEFD,1,study_X00,clust_014,internal_db,Mus_musculus,PDB_9329,emb_0274,2018-12-14,0.3282731200317984,struct:pep_0274
pep_0276,SWAWFMTLCLPKNQRVPGHDGYITQF,1,study_F01,clust_037,internal_db,Homo_sapiens,PDB_0037,emb_0276,2021-01-13,0.2450660975227081,struct:pep_0276
pep_0277,VDSKQQIGLIGRTGMHPWM,1,study_G01,clust_077,literature,Mus_musculus,PDB_4669,emb_0277,2022-02-08,0.0660698714757816,struct:pep_0277
pep_0279,LGIFIGFDVHLAQFYAKFDKRQFKNI,0,study_L00,clust_001,internal_db,Escherichia_coli,PDB_7983,emb_0279,2019-10-08,0.2977887834782279,struct:pep_0279
pep_0280,EDCLWWPECMPQWELRMTTRQWNTCLIWMMTGSQAW,0,study_H01,clust_052,internal_db,Escherichia_coli,,emb_0280,2023-09-26,0.6132786665919678,struct:pep_0280
pep_0281,KTHSPVYLAHQLEKAPHWLFYLCQNRCPQLENLETGH,0,study_B00,clust_062,synthetic,Bos_taurus,PDB_0062,emb_0281,2020-02-24,0.8080750778237573,struct:pep_0281
pep_0283,WFGRWNFFIKMKKICAVTFM,0,study_D01,clust_057,uniprot,Escherichia_coli,PDB_9799,emb_0283,2023-06-12,0.3553830271575104,struct:pep_0283
pep_0285,IFNSARFKLPTFLHKEWRTYTYCP,0,study_N01,clust_053,literature,Escherichia_coli,PDB_4741,emb_0285,2020-03-04,0.4820682051615405,struct:pep_0285
pep_0289,GIAAAEQIGHRGMEVQTDEQWYPCRL,0,study_G00,clust_032,synthetic,Mus_musculus,PDB_0032,emb_0289,2024-03-28,0.1117993703964676,struct:pep_0289
pep_0290,IWLQHNQCCPRDDCYALHRSVPMCLTQFF,1,study_R00,clust_006,literature,Escherichia_coli,PDB_0006,emb_0290,2023-06-25,0.5148127035034279,struct:pep_0290
pep_0292,VCRWSKWAIKCSSRLIKTCLRFMYNWIAN,1,study_D00,clust_044,uniprot,Mus_musculus,PDB_5487,emb_0292,2018-11-28,0.421804024240035,struct:pep_0292
pep_0293,HVKYVYAWFQMIRAPKEFCMRADDENDYGWSW,1,study_B01,clust_024,uniprot,Rattus_norvegicus,PDB_0024,emb_0293,2022-07-05,0.3378634661427296,struct:pep_0293
pep_0298,PGCFVHYRSKCYCYDKSESY,0,study_J00,clust_036,uniprot,Escherichia_coli,,emb_0298,2022-12-17,0.0651197910809757,struct:pep_0298
pep_0303,FQKWHICFIIFPLVRVVN,1,study_H00,clust_063,synthetic,Mus_musculus,PDB_0063,emb_0303,2023-12-26,0.3398372981671883,struct:pep_0303
pep_0304,SFDNENAHNDQEHRRNKMKGSQQ,0,study_F00,clust_065,internal_db,Homo_sapiens,,emb_0304,2021-07-06,0.1597912308415229,struct:pep_0304
pep_0305,DTAFLEQLKWYDSTNCAMCFSVVTSIHLCPTGFKQHKQ,1,study_Y00,clust_005,uniprot,Rattus_norvegicus,,emb_0305,2022-12-16,0.5360025526853838,struct:pep_0305
pep_0307,STGFEAWFLDSWTCHQAGA,0,study_I00,clust_011,internal_db,Escherichia_coli,PDB_7263,emb_0307,2019-06-20,0.4683732321329651,struct:pep_0307
pep_0309,LWMPTTTPERLYRWRIAYYAGY,0,study_N00,clust_049,synthetic,Unknown,PDB_0049,emb_0309,2019-09-22,0.3566896156694635,struct:pep_0309
pep_0311,SGHLLYPLCNFENSRWWLCNV,1,study_A00,clust_007,literature,Rattus_norvegicus,PDB_1832,emb_0311,2018-07-16,0.2962645682443042,struct:pep_0311
pep_0313,SRLVWWPVADRWHRFWSWGFLIETAIDHSQPEFVYYVFQ,1,study_D00,clust_070,literature,Rattus_norvegicus,,emb_0313,2024-10-25,0.30563710642307,struct:pep_0313
pep_0315,TDNILLLLEWPTWIHQHRDKWVQPFTNSHEHWSFDHSFE,1,study_B00,clust_061,internal_db,Unknown,PDB_5815,emb_0315,2025-07-13,0.536273153317881,struct:pep_0315
pep_0316,NVSAWCFREDDKHNSSLFMTFNAERER,0,study_S00,clust_043,synthetic,Bos_taurus,PDB_0043,emb_0316,2024-03-03,0.3132663143235473,struct:pep_0316
pep_0318,NPIHWFMEDMQRQPPDNWCT,1,study_A00,clust_029,literature,Rattus_norvegicus,PDB_4033,emb_0318,2025-11-02,0.2481818475884453,struct:pep_0318
pep_0321,DVIFEPPRLMVCDQLIQESIEDHEMH,0,study_I01,clust_028,literature,Bos_taurus,,emb_0321,2022-12-19,0.1897027231649369,struct:pep_0321
pep_0322,YSVCEYFVNVPLFVLKDNCAGAETKDMQGY,0,study_V00,clust_009,literature,Escherichia_coli,PDB_0009,emb_0322,2018-12-14,0.5650116691724628,struct:pep_0322
pep_0325,FCMFMEVWTRMTWNAHAWTQTLPLKTCCWQIMGECEY,0,study_R00,clust_038,internal_db,Homo_sapiens,PDB_0038,emb_0325,2020-09-09,0.3082675055098678,struct:pep_0325
pep_0326,GFFGDCHCPWRMNPAHPPYGPNEGDNRQYPTWFIHQMDEL,1,study_K00,clust_050,literature,Unknown,PDB_4412,emb_0326,2025-12-28,0.6097401677457498,struct:pep_0326
pep_0328,FCMFMEVWTRMTWNAHAWTQTLPFKTCCWQIMGECEY,0,study_F01,clust_038,synthetic,Unknown,,emb_0328,2025-06-15,0.3895211756053216,struct:pep_0328
pep_0331,HVKYVYAWFQMIRAPFEFCMRADDENDYGWSW,0,study_A01,clust_024,literature,Unknown,PDB_0024,emb_0331,2021-03-05,0.3776314396620492,struct:pep_0331
pep_0337,PYYMTFHQHEETMWKILLSSVKA,0,study_F00,clust_068,literature,Escherichia_coli,,emb_0337,2024-10-11,0.1673530975516576,struct:pep_0337
pep_0338,TTACSGIEAQVHRMCQCHKSTFFFAGWDLGSHSAY,1,study_D01,clust_021,synthetic,Escherichia_coli,,emb_0338,2019-09-10,0.4293377975103519,struct:pep_0338
pep_0339,PYYNTFHQHEETMWKILLSSVKA,1,study_M01,clust_068,internal_db,Unknown,,emb_0339,2022-02-17,0.2272952430203754,struct:pep_0339
pep_0340,NISAWCFREDDKHNSSLFMTFNVERER,0,study_Y00,clust_043,synthetic,Escherichia_coli,,emb_0340,2025-09-09,0.4069003183136396,struct:pep_0340
pep_0341,PTVVHRCFSQIFCDWKLSLRHIDQLKMTS,1,study_O00,clust_075,uniprot,Bos_taurus,PDB_6517,emb_0341,2024-10-11,0.1133051195208147,struct:pep_0341
pep_0342,GCCRILMQGVQRKDKEGSNTYDDGNEQTNEILDYI,0,study_G00,clust_064,literature,Rattus_norvegicus,PDB_0064,emb_0342,2023-05-06,0.4963204819047361,struct:pep_0342
pep_0345,MGVFAIFDSNDNKHCIITR,0,study_N00,clust_008,uniprot,Mus_musculus,PDB_0008,emb_0345,2021-07-20,0.3478888224021921,struct:pep_0345
pep_0347,TTFYKMYKLTSTPFCYNDRV,0,study_I00,clust_048,internal_db,Mus_musculus,PDB_5818,emb_0347,2025-01-25,0.3912982469298704,struct:pep_0347
pep_0348,PTVVHRCFSQIFCEWALSLLHIDQLKMTS,1,study_G01,clust_075,internal_db,Mus_musculus,,emb_0348,2025-09-04,0.1193437088366289,struct:pep_0348
pep_0349,EASDEKRGQFATFINFQQANNMLHEFGWG,0,study_O00,clust_017,uniprot,Rattus_norvegicus,PDB_6628,emb_0349,2019-06-30,0.4041732394276319,struct:pep_0349
pep_0350,PYKRHQWPCPPIHWQHCCARTYPPTFRDSSWR,1,study_E00,clust_020,internal_db,Bos_taurus,PDB_0020,emb_0350,2019-07-26,0.4278601778939269,struct:pep_0350
pep_0353,GTFYKLYKLTSTPFCYNDRV,1,study_H01,clust_048,synthetic,Bos_taurus,,emb_0353,2020-08-08,0.3309552477731758,struct:pep_0353
pep_0358,YQESQVHFYPAPPMQPLDV,0,study_J01,clust_018,internal_db,Escherichia_coli,PDB_0018,emb_0358,2020-02-11,0.172952759503649,struct:pep_0358
pep_0363,PAYMTFHQHEETMWKILHSSVKA,0,study_F00,clust_068,literature,Escherichia_coli,PDB_0068,emb_0363,2024-06-25,0.2811498436915504,struct:pep_0363
pep_0364,WQNQMEVYKRVYFRRVGLHGTNKNRKYKPPWSVIW,1,study_R00,clust_002,literature,Escherichia_coli,PDB_7270,emb_0364,2024-03-27,0.4877805205535366,struct:pep_0364
pep_0369,WLKHESYDRHLRGNSHYKRTQMKPFMVCDSHQVLNQYH,1,study_I00,clust_033,uniprot,Bos_taurus,,emb_0369,2022-06-06,0.1487963480825457,struct:pep_0369
pep_0371,MGNFAIFDSNDNKHCIITR,0,study_Y00,clust_008,internal_db,Homo_sapiens,,emb_0371,2020-07-15,0.3431918524915915,struct:pep_0371
pep_0374,HMGAGGCCIQWGQDSTFECNYCTTGDQLQLIKLWVQLK,0,study_K01,clust_015,uniprot,Homo_sapiens,,emb_0374,2018-10-10,0.5608288961253467,struct:pep_0374
pep_0376,TANVVENQQPHHTGEIVDNAVQ,1,study_C01,clust_055,uniprot,Mus_musculus,PDB_4094,emb_0376,2022-01-14,0.3308745042676814,struct:pep_0376
pep_0383,GVSYVESHTHPFNIGESA,0,study_G01,clust_046,literature,Escherichia_coli,PDB_7668,emb_0383,2018-02-03,0.2843242497015326,struct:pep_0383
pep_0384,QGGFAIFDSNDNKHCIITR,1,study_D00,clust_008,internal_db,Bos_taurus,PDB_7408,emb_0384,2019-05-19,0.2873208723768048,struct:pep_0384
pep_0385,PGCFVHYRSKCDCYDKSESY,0,study_N01,clust_036,uniprot,Mus_musculus,,emb_0385,2024-12-15,0.0,struct:pep_0385
pep_0386,EDGFEKFIYLEESRYECWVQFSIS,0,study_E01,clust_016,internal_db,Rattus_norvegicus,PDB_1581,emb_0386,2020-03-21,0.2665391502077719,struct:pep_0386
pep_0391,PYYMTFHQHEETMWKILLSSVKA,0,study_S00,clust_068,synthetic,Rattus_norvegicus,PDB_0068,emb_0391,2023-01-20,0.1698651849404092,struct:pep_0391
pep_0394,NPIHWTMEDMQRQPPDNWQT,0,study_Y00,clust_029,internal_db,Escherichia_coli,,emb_0394,2019-03-01,0.1841687869615761,struct:pep_0394
pep_0395,HMGAGGCCIQWGQDSTFYCNYCTTGDQLQLIKLWVQLK,1,study_Z00,clust_015,synthetic,Mus_musculus,PDB_3697,emb_0395,2022-08-20,0.5000354543581047,struct:pep_0395
pep_0396,TFQGQWKHTTACQIRIRHTLHSCQKTENMRRIM,1,study_P00,clust_039,literature,Escherichia_coli,PDB_8807,emb_0396,2019-01-01,0.3520236545333894,struct:pep_0396
pep_0397,SRLVWWPVADRWHRFWSWGFLIETAIDHSQPEFVYYVFQ,1,study_S00,clust_070,internal_db,Mus_musculus,PDB_8218,emb_0397,2022-08-09,0.3518387958690324,struct:pep_0397
pep_0407,ELPICASKSTGLGEAMVTNCKGKMYPNIHLVI,0,study_H01,clust_035,internal_db,Rattus_norvegicus,PDB_0035,emb_0407,2022-05-06,0.1364293001436698,struct:pep_0407
pep_0410,FCMFMEVWTRMTWNAHAWTQTLPFKTCCWQIMGECEY,1,study_J00,clust_038,uniprot,Unknown,PDB_0038,emb_0410,2022-12-15,0.4234214811064509,struct:pep_0410
pep_0411,THPWDKRRANHLSKGNLMKGCMDFGKLWNASDGWPAQNQ,0,study_B00,clust_031,synthetic,Unknown,,emb_0411,2024-03-18,0.3102611887179277,struct:pep_0411
pep_0412,NISAWCFIEDDKHNSSLFMTFNVERER,1,study_D01,clust_043,synthetic,Escherichia_coli,PDB_6702,emb_0412,2025-12-13,0.3542821150517338,struct:pep_0412
pep_0419,TTACSGIEAQVHRSFQCHKSGFFFAGWDLGSHSAY,1,study_X00,clust_021,literature,Escherichia_coli,PDB_0021,emb_0419,2018-12-12,0.3490428625684662,struct:pep_0419
pep_0425,RETIFDGFMGVNAIPQFERWLQGRFVCNTRVMG,1,study_O00,clust_060,synthetic,Mus_musculus,PDB_6631,emb_0425,2025-06-09,0.5149802362671111,struct:pep_0425
pep_0433,FVIIHICFIIFPLVRVVN,0,study_B01,clust_063,synthetic,Escherichia_coli,PDB_9721,emb_0433,2018-08-22,0.2431703262482122,struct:pep_0433
pep_0435,FHTEEKYVHDVSKWLFQPYPLFEM,1,study_C01,clust_045,synthetic,Homo_sapiens,,emb_0435,2018-03-18,0.1938680708136818,struct:pep_0435
pep_0439,KYFSHIFRVACWYSTYCNQPVGVWY,1,study_B01,clust_069,uniprot,Unknown,PDB_0069,emb_0439,2023-11-27,0.2068250327130151,struct:pep_0439
pep_0446,TTACSGIEAQVHRSCQCHKSTFFFAGWDLGSHSAY,0,study_N00,clust_021,uniprot,Unknown,PDB_3835,emb_0446,2019-06-26,0.4507015621106732,struct:pep_0446
pep_0448,RDRQVKEAVHMSCVLMEYKGWSVVPHFGWGKTWVTSHM,1,study_O00,clust_041,literature,Rattus_norvegicus,PDB_9545,emb_0448,2023-10-02,0.2694097979695771,struct:pep_0448
pep_0449,WFGRNNFTIKMKKISAVTFM,0,study_E01,clust_057,internal_db,Mus_musculus,PDB_6435,emb_0449,2023-12-10,0.4572252670333696,struct:pep_0449
pep_0454,NPIHWTMEDMQRQPPDNWQT,0,study_A01,clust_029,internal_db,Mus_musculus,PDB_7883,emb_0454,2024-04-23,0.0650539006138273,struct:pep_0454
pep_0458,NGHLLYGLCNFENSRVWQCNV,0,study_C00,clust_007,synthetic,Rattus_norvegicus,,emb_0458,2018-07-21,0.5040149173368508,struct:pep_0458
pep_0461,THPWDKRRANHLSKGNLMKGCMDFIKLWNASDGWPRQNQ,1,study_O00,clust_031,internal_db,Unknown,PDB_3081,emb_0461,2019-02-11,0.22512026420015,struct:pep_0461
pep_0464,PYGRHCWPCPNIHWQHCCARTYPPTFRDSSWR,1,study_J00,clust_020,uniprot,Homo_sapiens,PDB_7839,emb_0464,2020-05-30,0.4808470949507447,struct:pep_0464
pep_0469,YERMTNHHFFGFLMKTPVFHQKSFIHEYCD,0,study_Y00,clust_074,literature,Bos_taurus,,emb_0469,2024-12-24,0.1517777843870534,struct:pep_0469
pep_0472,EASLEKRAQWATFINFQQANNMNHEFGWG,1,study_F00,clust_017,synthetic,Rattus_norvegicus,PDB_0017,emb_0472,2023-07-23,0.5279335513443972,struct:pep_0472
pep_0473,YERMTNHDFFGFLMKTPVFHQKMFVHEYCD,0,study_J00,clust_074,internal_db,Rattus_norvegicus,,emb_0473,2021-03-30,0.1996733459500813,struct:pep_0473
pep_0489,SWAWFMTLGLPKNQRVPGCDGRITQF,0,study_U00,clust_037,literature,Unknown,PDB_0037,emb_0489,2018-11-18,0.2063683784893668,struct:pep_0489
pep_0495,NISAHCFREDDKHNSSLFMTFNVERER,1,study_T00,clust_043,uniprot,Unknown,,emb_0495,2019-03-27,0.3515298600394483,struct:pep_0495
pep_0496,PYGRHQWPCPPIHWQHCCARTYPPTFRDSSWR,0,study_F00,clust_020,synthetic,Homo_sapiens,PDB_0020,emb_0496,2018-03-13,0.3118235640135957,struct:pep_0496
pep_0502,EDGCEKFIYLEESDYTCWVQFSIS,0,study_D01,clust_016,uniprot,Unknown,PDB_2372,emb_0502,2022-11-15,0.3777647699487248,struct:pep_0502
pep_0516,TTACSLIEAQVHRSCQCHKSTFFFAGWDFGSHSAY,1,study_K01,clust_021,uniprot,Escherichia_coli,PDB_9794,emb_0516,2020-10-06,0.4876438333213378,struct:pep_0516
pep_0519,HMGAGGCCIQWGQDSTFECNYCTTGDQWQLIKLWVQLK,1,study_V00,clust_015,literature,Unknown,PDB_1564,emb_0519,2019-06-07,0.6995015506673616,struct:pep_0519
pep_0520,AGRVGFSLYGFYVFIKPIAWNQNKAQSHH,0,study_C00,clust_056,literature,Homo_sapiens,PDB_2380,emb_0520,2021-10-02,0.4932125249771768,struct:pep_0520
pep_0527,STGFEAWFLDSWTCHQAVA,0,study_X00,clust_011,internal_db,Rattus_norvegicus,PDB_8417,emb_0527,2021-09-02,0.4392742897160299,struct:pep_0527
pep_0536,AQFTCNFGNPILTSHAEIGCIILNYPTLAAH,1,study_Z00,clust_027,internal_db,Mus_musculus,PDB_0027,emb_0536,2019-06-23,0.3511376631123713,struct:pep_0536
pep_0538,HPGTEMRGLLFPTCFGAQWPDMKLGMFQRDPDMMM,0,study_E00,clust_067,internal_db,Rattus_norvegicus,PDB_1728,emb_0538,2023-12-15,0.4807020728066558,struct:pep_0538
pep_0544,REDYDPTGHWCAVYHRMFRY,0,study_N00,clust_022,synthetic,Mus_musculus,PDB_7971,emb_0544,2024-02-04,0.324070212042414,struct:pep_0544
pep_0549,TWYCDHDKAYGWPVGTPSNTRCYRE,0,study_P00,clust_051,synthetic,Homo_sapiens,PDB_0051,emb_0549,2025-12-16,0.4408452167256083,struct:pep_0549
pep_0554,SRLVWWPVADRWHRFWSWGFLIETAIDHSQPEFVYYVFQ,1,study_E00,clust_070,uniprot,Homo_sapiens,,emb_0554,2022-05-24,0.3114447470360698,struct:pep_0554
pep_0561,MGVFAIFDSNDNKHCIITR,1,study_W00,clust_008,literature,Unknown,PDB_0008,emb_0561,2019-07-30,0.3606109693436113,struct:pep_0561
pep_0563,KYFSHIFRVACWYSTYCNQPVGVWY,1,study_S00,clust_069,synthetic,Escherichia_coli,,emb_0563,2023-09-21,0.4345299605871069,struct:pep_0563
pep_0568,NFDQRPAQCIFSRKGQKNHNTFYC,1,study_N00,clust_003,literature,Escherichia_coli,PDB_0003,emb_0568,2025-03-24,0.3715539373711432,struct:pep_0568
pep_0573,IKHMPGMVMRCRPNPWHYSCEESVSEIC,0,study_Y00,clust_040,literature,Homo_sapiens,PDB_3880,emb_0573,2019-10-05,0.1461702627975101,struct:pep_0573
pep_0582,AQFQCNFGNPILTSHAEMGCIILNYPTLAAH,1,study_O00,clust_027,literature,Homo_sapiens,PDB_5378,emb_0582,2022-12-10,0.5069952382860887,struct:pep_0582
pep_0594,FIWTWDIQTGPYQIGLRAERRIG,1,study_Y00,clust_023,internal_db,Rattus_norvegicus,PDB_0023,emb_0594,2021-06-25,0.250933072970119,struct:pep_0594
pep_0615,GSFYKLYKLTSTYFCYNDRV,0,study_T00,clust_048,synthetic,Mus_musculus,PDB_6955,emb_0615,2021-10-18,0.3163199362388745,struct:pep_0615
pep_0617,AGRVGFSLYGFYVFPKPIAWNQNPAQSHH,0,study_I00,clust_056,literature,Homo_sapiens,,emb_0617,2021-10-15,0.5307399828561045,struct:pep_0617
pep_0618,HVKYVYAWFQMIRAPKEFCMRADDENDYGWSW,0,study_N00,clust_024,internal_db,Bos_taurus,PDB_4322,emb_0618,2025-03-16,0.3189919810643147,struct:pep_0618
pep_0623,KMHSPVYLAHQLEKAPHWLFYLCQNRCPQLENLETGH,0,study_E00,clust_062,literature,Unknown,,emb_0623,2024-04-03,0.606413158066179,struct:pep_0623
pep_0628,AGRVGFSLYGFYVFIKPIAWNQNKAQSHH,0,study_C01,clust_056,internal_db,Unknown,PDB_7046,emb_0628,2019-10-20,0.4147306544821293,struct:pep_0628
pep_0633,YQESQVHFYPAPPMQPLDV,0,study_Y00,clust_018,internal_db,Bos_taurus,,emb_0633,2023-04-03,0.5137259903851523,struct:pep_0633
pep_0635,YQESQVHDYPAPPMKPLDV,1,study_M01,clust_018,literature,Escherichia_coli,PDB_0018,emb_0635,2025-11-02,0.3151146704020185,struct:pep_0635
pep_0638,DTAFLEQLKWYDSWNCAMMFSVVTSIHLCPTGFKQHKQ,1,study_N01,clust_005,synthetic,Bos_taurus,PDB_1460,emb_0638,2024-09-27,0.5545920002195834,struct:pep_0638
pep_0640,SRLCWWPVADRWHRFWSWGFLIETAIAHSQPEFVYYVFQ,1,study_F00,clust_070,literature,Homo_sapiens,PDB_1797,emb_0640,2020-07-22,0.2284878409607955,struct:pep_0640
pep_0645,GTFYKLYYLTSTPFCYNDRV,1,study_E00,clust_048,synthetic,Escherichia_coli,PDB_0048,emb_0645,2022-02-01,0.2947349411364616,struct:pep_0645
pep_0649,YCVCEYFVNVPLFVLKDNCAGAETKDMQGY,1,study_J00,clust_009,internal_db,Bos_taurus,,emb_0649,2025-11-24,0.5304465941142333,struct:pep_0649
pep_0654,KMHSPVYLAHQLEKASHWLFYLCQNRCPQLEGLETGH,1,study_D01,clust_062,literature,Rattus_norvegicus,PDB_0062,emb_0654,2020-10-14,0.5567291618245805,struct:pep_0654
pep_0670,HMGAGGCCIQEGQDSTFECNYCTTGDQYQLIKLWVQLK,0,study_F01,clust_015,literature,Mus_musculus,PDB_0015,emb_0670,2018-06-16,0.5722719675845277,struct:pep_0670
pep_0675,VDGKQQIGLIGLTGMHRWP,1,study_N00,clust_077,uniprot,Mus_musculus,,emb_0675,2025-02-26,0.0176318909824454,struct:pep_0675
pep_0684,VDSKQQIGLIGTTGNHRWP,0,study_N00,clust_077,uniprot,Mus_musculus,,emb_0684,2024-12-13,0.0369597905753052,struct:pep_0684
pep_0687,NGHTLYPLCNRENSRWWQCNV,0,study_X00,clust_007,literature,Bos_taurus,,emb_0687,2024-12-17,0.4361187234313709,struct:pep_0687
pep_0688,PYYMTSHQHEQTMWKILLSSIKA,0,study_S00,clust_068,synthetic,Rattus_norvegicus,,emb_0688,2023-05-17,0.1633474877315416,struct:pep_0688
pep_0699,EASDEERNQDATIINFQQANNMNHAFGWG,0,study_L01,clust_017,internal_db,Bos_taurus,,emb_0699,2018-05-01,0.541096812357686,struct:pep_0699
pep_0713,MCCRILMQGVQRKDHEGSNTYDDGNEQTNVILDYI,0,study_U00,clust_064,uniprot,Bos_taurus,,emb_0713,2021-06-25,0.5024451968778328,struct:pep_0713
pep_0718,AGRVGFSLYGFYVFIDHIAWNRNKAQSHH,0,study_I01,clust_056,literature,Escherichia_coli,,emb_0718,2024-04-03,0.5456974241426018,struct:pep_0718
pep_0721,GFQGQWKHTTACQARIRKTLHSCQKTENDRRIM,0,study_L01,clust_039,uniprot,Escherichia_coli,,emb_0721,2022-12-22,0.4383939793131219,struct:pep_0721
pep_0727,YVCRRERTRFFMVHAIQCSKQCN,1,study_D00,clust_019,uniprot,Escherichia_coli,PDB_0019,emb_0727,2022-11-05,0.3547555230828996,struct:pep_0727
pep_0728,SRLVWWPVADRWHRFWSWGFLIEVAIDHSQPEFVYYVFQ,1,study_D00,clust_070,literature,Rattus_norvegicus,,emb_0728,2020-01-14,0.3128367730581297,struct:pep_0728
pep_0731,WRTAYMVNDSRDYHMFEWFDPWLSLQHSHEWVPLCDLRHS,1,study_K01,clust_025,synthetic,Unknown,PDB_0025,emb_0731,2025-12-06,0.2498279523067006,struct:pep_0731
pep_0743,YCWWCNWWMGLHGVSIGRQYVNCR,0,study_H01,clust_004,synthetic,Mus_musculus,PDB_4797,emb_0743,2024-03-04,0.5547322215761648,struct:pep_0743
pep_0773,HTGFEAWFLMSWWCHQAVA,0,study_J00,clust_011,literature,Rattus_norvegicus,PDB_4643,emb_0773,2020-01-20,0.4359906098900651,struct:pep_0773
pep_0782,NCIHWTMEDMQRQPPDNWQT,1,study_K00,clust_029,uniprot,Escherichia_coli,,emb_0782,2024-04-20,0.1243460062037256,struct:pep_0782
pep_0817,EDGDEKCIYLEESRYECWVQFSIS,0,study_L01,clust_016,literature,Homo_sapiens,PDB_8416,emb_0817,2021-05-14,0.4719149864812159,struct:pep_0817
pep_0821,SWAWNMTLGLPKNQRVPGCMGRVTQF,0,study_S00,clust_037,literature,Unknown,PDB_0037,emb_0821,2019-08-12,0.2971676518848272,struct:pep_0821
pep_0823,TTACSGIEAQVHRSCQHHKSTFFFAGWDLGSHSAA,1,study_A00,clust_021,literature,Rattus_norvegicus,,emb_0823,2024-02-19,0.5729092959399431,struct:pep_0823
pep_0934,TSQTWAMKLDYQIVCLIHDVRRFRSHAAEFCTFLLCWR,1,study_G01,clust_034,literature,Mus_musculus,PDB_0034,emb_0934,2021-12-05,0.3822305223388219,struct:pep_0934
