id,sequence,label,group,cluster_id,source,species,structure_id,embedding_id,date,target,mmseqs2_cluster_id
pep_0001,RDRQVKEAVHMSCVLMEYKGWFVVPHFGWGKTWVTSHM,0,study_C01,clust_041,internal_db,Rattus_norvegicus,PDB_4089,emb_0001,2022-09-08,0.3854341968557327,mmseqs2:pep_0001
pep_0004,SKIVISKTGCIFRWMSRTTIRKVFFLLWV,1,study_O00,clust_047,synthetic,Unknown,PDB_0047,emb_0004,2019-04-01,0.382080287073119,mmseqs2:pep_0004
pep_0005,NFDQRPAQCIFSRKGQKNHNTFYI,0,study_C01,clust_003,literature,Homo_sapiens,PDB_1844,emb_0005,2020-06-27,0.364759195196461,mmseqs2:pep_0005
pep_0008,SWEKMPHECVMVNAMSHWKRCLMTGMSEGVKT,0,study_J00,clust_080,internal_db,Rattus_norvegicus,,emb_0008,2024-01-25,0.3711414659574428,mmseqs2:pep_0008
pep_0011,TTACSGIEAQVHRSCQCHKSTFFFAGWDLASHSAY,1,study_F01,clust_021,literature,Rattus_norvegicus,PDB_4357,emb_0011,2024-05-04,0.4418140410576462,mmseqs2:pep_0011
pep_0018,THPWDKRRANHLSKGNLMKGCMDFIKLWNASDGWPRQNQ,1,study_I00,clust_031,synthetic,Rattus_norvegicus,PDB_0031,emb_0018,2018-02-25,0.436661177934476,mmseqs2:pep_0018
pep_0019,YQESQVHFYPAPPMQPLDV,1,study_Q00,clust_018,literature,Escherichia_coli,PDB_0018,emb_0019,2024-09-13,0.367338309358702,mmseqs2:pep_0019
pep_0020,SNLVWWPVADRWHRFWSWGFLIETAIDHSQPEFVYYVFQ,1,study_E00,clust_070,uniprot,Rattus_norvegicus,PDB_4037,emb_0020,2018-03-30,0.3338895005685254,mmseqs2:pep_0020
pep_0021,AGRVGFSLYGFYVFIKPIAWNQNKAQSHH,1,study_K00,clust_056,literature,Rattus_norvegicus,,emb_0021,2018-01-08,0.6147392730043221,mmseqs2:pep_0021
pep_0023,PYGRHQWPCPPIHWQHCCARTYPPTFRDSSWR,1,study_M00,clust_020,uniprot,Homo_sapiens,,emb_0023,2022-03-24,0.3486409007991519,mmseqs2:pep_0023
pep_0024,ARTAYMVNDSQDYHMFEWFDPWLSLQHSHEWVPLCDLRHS,1,study_L01,clust_025,synthetic,Escherichia_coli,PDB_4064,emb_0024,2024-02-12,0.377773375865559,mmseqs2:pep_0024
pep_0027,MGVFAIFDSNDNKHCIITR,0,study_O00,clust_008,literature,Bos_taurus,PDB_4099,emb_0027,2025-04-30,0.3362910259103307,mmseqs2:pep_0027
pep_0031,LWMPMTTPERLYRWRIAYYAGY,0,study_C01,clust_049,internal_db,Escherichia_coli,PDB_3325,emb_0031,2022-08-06,0.3561947938788022,mmseqs2:pep_0031
pep_0034,STGFEAWFLDSWTCHQAVA,0,study_E00,clust_011,literature,Homo_sapiens,PDB_2817,emb_0034,2022-05-04,0.3358036735187891,mmseqs2:pep_0034
pep_0037,YRPMESHHAVKCRVNCASPSRLFSSGTGCQ,1,study_V00,clust_071,literature,Homo_sapiens,PDB_3141,emb_0037,2019-05-19,0.260698640223763,mmseqs2:pep_0037
pep_0041,GFFGDCHCPWRMNPAHPPYGPNEGDNRQYPTWFIHQMDEL,0,study_T00,clust_050,literature,Homo_sapiens,PDB_0050,emb_0041,2018-09-08,0.5982287198851777,mmseqs2:pep_0041
pep_0042,LGIFIGFDVHLAQFYAKFDKRQFWNI,1,study_I01,clust_001,synthetic,Bos_taurus,PDB_0001,emb_0042,2022-03-29,0.2857607564932638,mmseqs2:pep_0042
pep_0044,HMGAGGCVIQWGQDSTFECNYCTTGDQLQLIKLWVQLK,1,study_N00,clust_015,uniprot,Unknown,,emb_0044,2018-03-24,0.5319756981110642,mmseqs2:pep_0044
pep_0047,LGNFIGFDVHLAQNYAKFDKRQFKNI,1,study_C01,clust_001,uniprot,Mus_musculus,PDB_0001,emb_0047,2022-03-08,0.4583709136638446,mmseqs2:pep_0047
pep_0051,WLKHESYDRCLRGNSHYKRTQMKPFMVCDSHQVLNQYH,1,study_T00,clust_033,uniprot,Bos_taurus,PDB_2116,emb_0051,2019-12-15,0.1192265987900023,mmseqs2:pep_0051
pep_0052,PYYMTFHQHEETMWKILLSSVKA,1,study_D00,clust_068,uniprot,Escherichia_coli,PDB_0068,emb_0052,2025-09-08,0.2888064825015214,mmseqs2:pep_0052
pep_0053,WQNQMENYKRVYFRRVGLHGTNKNRKYKPFWSVIW,0,study_V00,clust_002,literature,Bos_taurus,PDB_0002,emb_0053,2022-12-29,0.3741222963572942,mmseqs2:pep_0053
pep_0062,IFNSVRFKMPTFTHKEWRVYTYCP,1,study_L00,clust_053,uniprot,Homo_sapiens,PDB_0053,emb_0062,2024-03-06,0.425958055222318,mmseqs2:pep_0062
pep_0068,GFQGQWKHTTACQIRIRKTLHSCQKTENMRRIM,0,study_N01,clust_039,internal_db,Escherichia_coli,PDB_0039,emb_0068,2020-08-05,0.3382661789828912,mmseqs2:pep_0068
pep_0069,SWAWFMTLGLPKNQRVPGHDGRITQF,0,study_E01,clust_037,synthetic,Rattus_norvegicus,PDB_0037,emb_0069,2018-05-30,0.2037379539385685,mmseqs2:pep_0069
pep_0071,KMHSPVYLAHQLEKAPHWLFYLCQNRCPQLENLETGH,1,study_O00,clust_062,uniprot,Escherichia_coli,PDB_0062,emb_0071,2020-04-21,0.3805463705058545,mmseqs2:pep_0071
pep_0072,GVSYVESHTHPFNIGESV,1,study_Z00,clust_046,uniprot,Escherichia_coli,PDB_0046,emb_0072,2018-03-07,0.1948159191924992,mmseqs2:pep_0072
pep_0073,VDSKQQIGLIGRTGMHPWM,1,study_L01,clust_077,internal_db,Unknown,PDB_5541,emb_0073,2020-09-29,0.0060803509874527,mmseqs2:pep_0073
pep_0074,ELPICASKSTGFGEAMVTACKGKMYPNPHLVI,1,study_Z00,clust_035,synthetic,Mus_musculus,PDB_6959,emb_0074,2020-05-27,0.1699765135797591,mmseqs2:pep_0074
pep_0078,YCVCEYFVNVPLFVLKDNCAGAETKDMQGY,1,study_K00,clust_009,synthetic,Bos_taurus,,emb_0078,2025-03-04,0.6339947957205088,mmseqs2:pep_0078
pep_0083,FLYFCTQKISAYEIMTTAWRMIYCTQITAENFRNFNILW,1,study_G00,clust_012,internal_db,Rattus_norvegicus,PDB_8467,emb_0083,2019-06-17,0.5176135702976026,mmseqs2:pep_0083
pep_0089,EDGDEKFIYLEESRYECWVQFSIS,0,study_N01,clust_016,literature,Homo_sapiens,PDB_8416,emb_0089,2024-04-23,0.4783599847039921,mmseqs2:pep_0089
pep_0096,EDCLWWPECMPQWELRMTTRQWNTCLIWMMTGSQAW,1,study_J01,clust_052,uniprot,Rattus_norvegicus,PDB_0052,emb_0096,2024-11-05,0.4848540548485495,mmseqs2:pep_0096
pep_0098,KYFSHIFRVACWYSTYCNQPVGVWY,1,study_W00,clust_069,synthetic,Escherichia_coli,,emb_0098,2021-06-15,0.2293841315611973,mmseqs2:pep_0098
pep_0111,IVEVQVRIAYPYDDYEHTHGWSYMK,1,study_F01,clust_073,internal_db,Homo_sapiens,PDB_0073,emb_0111,2019-11-26,0.2499503539058789,mmseqs2:pep_0111
pep_0112,NPIHWTMEDMQRQPPDNWQT,0,study_N01,clust_029,uniprot,Mus_musculus,PDB_5030,emb_0112,2024-10-18,0.0535063665526782,mmseqs2:pep_0112
pep_0113,QTISYLHEYYMLLSAGTMC,1,study_D00,clust_026,synthetic,Homo_sapiens,PDB_8403,emb_0113,2022-04-12,0.1555443539759212,mmseqs2:pep_0113
pep_0114,TDNILLLLEWPVWIHQWRDKWVQPFTNSHEHWSFDHSFE,1,study_L00,clust_061,internal_db,Rattus_norvegicus,PDB_9925,emb_0114,2019-02-12,0.5827787218573761,mmseqs2:pep_0114
pep_0119,FQICHICFIIFPLVRVVN,0,study_N00,clust_063,internal_db,Rattus_norvegicus,PDB_4522,emb_0119,2019-05-04,0.3930823052927318,mmseqs2:pep_0119
pep_0121,NHSMCCICWCPPRVTFNQYAVKVDR,1,study_Y00,clust_076,literature,Escherichia_coli,PDB_0076,emb_0121,2025-01-09,0.2155603111791669,mmseqs2:pep_0121
pep_0122,FHTEEKYVHDVSKWLFQPYPLFEM,0,study_A01,clust_045,literature,Escherichia_coli,PDB_0045,emb_0122,2018-02-04,0.2879233819566961,mmseqs2:pep_0122
pep_0134,LCEELPPSPKFFRLATAVKKMIINQGSQKFRWVRHPSHA,1,study_A01,clust_010,uniprot,Escherichia_coli,PDB_3134,emb_0134,2022-07-28,0.4895063527903346,mmseqs2:pep_0134
pep_0141,PGCFVHYRSKCDCYDKSESY,0,study_E01,clust_036,internal_db,Escherichia_coli,PDB_0036,emb_0141,2021-01-21,0.3410769292691942,mmseqs2:pep_0141
pep_0144,CSVDVFDNYAMNQWQTPGPHPTEYHEP,1,study_H01,clust_030,uniprot,Bos_taurus,PDB_8528,emb_0144,2022-04-12,0.0990784831739345,mmseqs2:pep_0144
pep_0152,HVKYVYAWFQMIRAPKEFCMRADDENDYGWSW,1,study_S00,clust_024,synthetic,Homo_sapiens,PDB_0024,emb_0152,2020-02-16,0.4846253184399908,mmseqs2:pep_0152
pep_0156,YQECQVHFYCAPPMQPLDV,0,study_F00,clust_018,synthetic,Escherichia_coli,PDB_1430,emb_0156,2021-03-24,0.3769905891599969,mmseqs2:pep_0156
pep_0181,GVSYYESCTHPFNIGESA,1,study_O00,clust_046,internal_db,Homo_sapiens,PDB_7114,emb_0181,2024-12-28,0.2807244635834581,mmseqs2:pep_0181
pep_0182,TWYCDHYKAYGWPVGTPFNERCYRE,1,study_T00,clust_051,literature,Unknown,,emb_0182,2024-08-31,0.4822353248828535,mmseqs2:pep_0182
pep_0186,VPSAQQIGLIGRTGMHPWM,1,study_T00,clust_077,internal_db,Mus_musculus,PDB_3934,emb_0186,2023-11-05,0.0,mmseqs2:pep_0186
pep_0191,WFGRNNFFIKMKKICAVTFM,1,study_L00,clust_057,synthetic,Homo_sapiens,PDB_0057,emb_0191,2019-12-16,0.3451379305134535,mmseqs2:pep_0191
pep_0204,PTVVHRCFSQIFCEWALSLRHIDQLKMTS,0,study_N01,clust_075,uniprot,Escherichia_coli,PDB_0075,emb_0204,2019-02-26,0.2104165407275193,mmseqs2:pep_0204
pep_0212,AVNRWMWQRGQNPIRTRYWMITCF,0,study_T00,clust_079,uniprot,Homo_sapiens,PDB_4113,emb_0212,2022-06-03,0.1853516905486074,mmseqs2:pep_0212
pep_0233,EDWQGAHFTRELSFHCTIR,1,study_F00,clust_078,internal_db,Unknown,PDB_0078,emb_0233,2025-04-07,0.0748437888571757,mmseqs2:pep_0233
pep_0234,ENENCIMIAWEMHATVALCEIGCRFMDVDPMWHVMQG,0,study_A00,clust_042,internal_db,Bos_taurus,,emb_0234,2023-04-22,0.3921277599561692,mmseqs2:pep_0234
pep_0238,WCMFMEVWTRMTWNAHAWTQTLPFKTCCWQIMGECEY,1,study_F00,clust_038,synthetic,Bos_taurus,PDB_6068,emb_0238,2023-11-28,0.403072378111816,mmseqs2:pep_0238
pep_0252,DKHAFVMLTHQVLYHDEFQ,1,study_N00,clust_014,synthetic,Rattus_norvegicus,,emb_0252,2023-07-07,0.4989818872087637,mmseqs2:pep_0252
pep_0260,VDSKQMIGRIGRTGMHPWM,1,study_J01,clust_077,synthetic,Rattus_norvegicus,PDB_0077,emb_0260,2021-10-03,0.1243640012955508,mmseqs2:pep_0260
pep_0271,IFPSARFKMPTFTHKEWRTYTYCG,0,study_H01,clust_053,literature,Bos_taurus,PDB_0053,emb_0271,2024-05-11,0.3590191191978167,mmseqs2:pep_0271
pep_0274,IKHAFVMLTHQVLAHEEFD,1,study_X00,clust_014,internal_db,Mus_musculus,PDB_9329,emb_0274,2018-12-14,0.3282731200317984,mmseqs2:pep_0274
pep_0302,IFNSARFKMPTFAHKEWRSYTYCP,0,study_P00,clust_053,synthetic,Homo_sapiens,,emb_0302,2018-05-04,0.4300060479034617,mmseqs2:pep_0302
pep_0303,FQKWHICFIIFPLVRVVN,1,study_H00,clust_063,synthetic,Mus_musculus,PDB_0063,emb_0303,2023-12-26,0.3398372981671883,mmseqs2:pep_0303
pep_0304,SFDNENAHNDQEHRRNKMKGSQQ,0,study_F00,clust_065,internal_db,Homo_sapiens,,emb_0304,2021-07-06,0.1597912308415229,mmseqs2:pep_0304
pep_0311,SGHLLYPLCNFENSRWWLCNV,1,study_A00,clust_007,literature,Rattus_norvegicus,PDB_1832,emb_0311,2018-07-16,0.2962645682443042,mmseqs2:pep_0311
pep_0316,NVSAWCFREDDKHNSSLFMTFNAERER,0,study_S00,clust_043,synthetic,Bos_taurus,PDB_0043,emb_0316,2024-03-03,0.3132663143235473,mmseqs2:pep_0316
pep_0323,EDWQCPHFTRELSFHCTIR,1,study_W00,clust_078,uniprot,Homo_sapiens,PDB_3431,emb_0323,2021-02-02,0.0176253271984064,mmseqs2:pep_0323
pep_0336,NGHFLYPLCNFENSRWAQCNV,1,study_Q00,clust_007,uniprot,Unknown,PDB_0007,emb_0336,2021-02-02,0.309922833040053,mmseqs2:pep_0336
pep_0349,EASDEKRGQFATFINFQQANNMLHEFGWG,0,study_O00,clust_017,uniprot,Rattus_norvegicus,PDB_6628,emb_0349,2019-06-30,0.4041732394276319,mmseqs2:pep_0349
pep_0353,GTFYKLYKLTSTPFCYNDRV,1,study_H01,clust_048,synthetic,Bos_taurus,,emb_0353,2020-08-08,0.3309552477731758,mmseqs2:pep_0353
pep_0357,MHGGFRDYVQMNMCIPHWSWQAMRQFEVKTMNWFMLGTCT,0,study_D00,clust_066,literature,Mus_musculus,PDB_3494,emb_0357,2020-07-02,0.4219793316345946,mmseqs2:pep_0357
pep_0361,NGHLLYPLCNFDNSRWWQCNL,0,study_D00,clust_007,synthetic,Escherichia_coli,PDB_0007,emb_0361,2020-11-08,0.3865237183772499,mmseqs2:pep_0361
pep_0376,TANVVENQQPHHTGEIVDNAVQ,1,study_C01,clust_055,uniprot,Mus_musculus,PDB_4094,emb_0376,2022-01-14,0.3308745042676814,mmseqs2:pep_0376
pep_0402,NGHLLTPLCNFENSRWWQCNV,0,study_I01,clust_007,synthetic,Mus_musculus,PDB_0007,emb_0402,2021-09-11,0.3756491741659082,mmseqs2:pep_0402
pep_0408,FIWTWDTYTGPYQILMRAERRIG,0,study_K00,clust_023,synthetic,Homo_sapiens,,emb_0408,2025-05-11,0.2228447449741611,mmseqs2:pep_0408
pep_0416,FFGYECVFYTARNPWWSWTQDRTKMPEHMPWDSQLARPQS,0,study_F01,clust_013,uniprot,Escherichia_coli,PDB_0013,emb_0416,2025-09-27,0.6667061470623085,mmseqs2:pep_0416
pep_0421,PSVDVFDNYAMNYWQTVGEHPTEYHEP,0,study_M01,clust_030,uniprot,Homo_sapiens,PDB_7171,emb_0421,2019-08-21,0.1272543103090146,mmseqs2:pep_0421
pep_0424,DTAFLEQLKWYDSTNCAMMFSVVTQIHLCPTGNKQHKQ,0,study_B00,clust_005,literature,Mus_musculus,PDB_9358,emb_0424,2023-08-30,0.4910039249130102,mmseqs2:pep_0424
pep_0433,FVIIHICFIIFPLVRVVN,0,study_B01,clust_063,synthetic,Escherichia_coli,PDB_9721,emb_0433,2018-08-22,0.2431703262482122,mmseqs2:pep_0433
pep_0450,SDGFEAWFLDSRTCHQAVA,1,study_E01,clust_011,synthetic,Mus_musculus,PDB_6383,emb_0450,2025-06-20,0.4504870305503131,mmseqs2:pep_0450
pep_0458,NGHLLYGLCNFENSRVWQCNV,0,study_C00,clust_007,synthetic,Rattus_norvegicus,,emb_0458,2018-07-21,0.5040149173368508,mmseqs2:pep_0458
pep_0462,YCWWCNWWMGKHGVEIFDQYVVCR,1,study_W00,clust_004,literature,Homo_sapiens,PDB_2403,emb_0462,2024-10-20,0.5293276295227108,mmseqs2:pep_0462
pep_0478,STDSYLHEYFMALSAGTMC,1,study_B01,clust_026,literature,Mus_musculus,PDB_7384,emb_0478,2022-07-22,0.237524501195139,mmseqs2:pep_0478
pep_0491,YSWSSKDLCDPTIRTNRKEHIWERKI,1,study_Q00,clust_054,uniprot,Rattus_norvegicus,PDB_8420,emb_0491,2022-11-03,0.553300246306787,mmseqs2:pep_0491
pep_0506,DVIFEQPRLMVDDQLIQESIEDHEMF,0,study_I00,clust_028,internal_db,Homo_sapiens,PDB_0028,emb_0506,2023-01-01,0.266554418989345,mmseqs2:pep_0506
pep_0510,REDYDPTGHWCAPYHRMFRY,0,study_I01,clust_022,internal_db,Bos_taurus,PDB_1533,emb_0510,2018-04-25,0.2645027916790257,mmseqs2:pep_0510
pep_0528,SKIVICKTGCIFPWMDRTTIRKVFFLLWV,1,study_C00,clust_047,synthetic,Rattus_norvegicus,PDB_8457,emb_0528,2022-10-01,0.5405957219429504,mmseqs2:pep_0528
pep_0533,FIWTWDTQTGPYQILLLAERRIR,1,study_G01,clust_023,literature,Homo_sapiens,PDB_9688,emb_0533,2021-10-12,0.241335593313891,mmseqs2:pep_0533
pep_0536,AQFTCNFGNPILTSHAEIGCIILNYPTLAAH,1,study_Z00,clust_027,internal_db,Mus_musculus,PDB_0027,emb_0536,2019-06-23,0.3511376631123713,mmseqs2:pep_0536
pep_0537,TWYCDHYKAYGWPVGLPSNMRCYRE,0,study_N01,clust_051,synthetic,Escherichia_coli,PDB_0051,emb_0537,2020-01-14,0.4663527666684835,mmseqs2:pep_0537
pep_0549,TWYCDHDKAYGWPVGTPSNTRCYRE,0,study_P00,clust_051,synthetic,Homo_sapiens,PDB_0051,emb_0549,2025-12-16,0.4408452167256083,mmseqs2:pep_0549
pep_0556,PFQDALCTGEVAMLMPSSVHIACRWCA,1,study_T00,clust_059,uniprot,Rattus_norvegicus,PDB_0059,emb_0556,2021-08-11,0.5974924389117198,mmseqs2:pep_0556
pep_0571,QTDSYLHEYYMALSAGYYC,0,study_C00,clust_026,literature,Rattus_norvegicus,,emb_0571,2024-02-04,0.1284515035489715,mmseqs2:pep_0571
pep_0579,EDGCEKFIYLEEQRYEKWVQFSIS,0,study_K00,clust_016,literature,Bos_taurus,PDB_5261,emb_0579,2025-07-29,0.350836384365092,mmseqs2:pep_0579
pep_0594,FIWTWDIQTGPYQIGLRAERRIG,1,study_Y00,clust_023,internal_db,Rattus_norvegicus,PDB_0023,emb_0594,2021-06-25,0.250933072970119,mmseqs2:pep_0594
pep_0635,YQESQVHDYPAPPMKPLDV,1,study_M01,clust_018,literature,Escherichia_coli,PDB_0018,emb_0635,2025-11-02,0.3151146704020185,mmseqs2:pep_0635
pep_0639,LGIFIGFDVHLAQFAAKFDKRQMKNI,1,study_L00,clust_001,literature,Escherichia_coli,PDB_0001,emb_0639,2025-06-10,0.2616628300070627,mmseqs2:pep_0639
pep_0641,IKHMPGMVMRCRPNPWEYSCEETVSEIC,0,study_V00,clust_040,internal_db,Rattus_norvegicus,,emb_0641,2018-05-02,0.2220042071649914,mmseqs2:pep_0641
pep_0647,DKHAFVMLTHQKLAHDEFD,1,study_E00,clust_014,internal_db,Mus_musculus,PDB_8395,emb_0647,2024-10-07,0.4508186030281124,mmseqs2:pep_0647
pep_0653,NISAWCFREADKHNSSLFMTFNDERER,1,study_E00,clust_043,synthetic,Escherichia_coli,PDB_7884,emb_0653,2019-11-03,0.2776160128349172,mmseqs2:pep_0653
pep_0656,EDWQCPWFTRRLSFHCTIR,0,study_K00,clust_078,literature,Rattus_norvegicus,,emb_0656,2022-07-02,0.0176485611005755,mmseqs2:pep_0656
pep_0673,REDYDPTLHYCAPYHGMFRP,1,study_O00,clust_022,synthetic,Mus_musculus,PDB_3505,emb_0673,2022-10-25,0.2461385634121327,mmseqs2:pep_0673
pep_0674,GVFALEETFAEGTLLPKCSNAPANWEQGACVNQM,1,study_K00,clust_058,synthetic,Homo_sapiens,PDB_0058,emb_0674,2021-02-21,0.7294668431229332,mmseqs2:pep_0674
pep_0675,VDGKQQIGLIGLTGMHRWP,1,study_N00,clust_077,uniprot,Mus_musculus,,emb_0675,2025-02-26,0.0176318909824454,mmseqs2:pep_0675
pep_0677,NPAGWTMEDMQRQDPDHWQV,0,study_I01,clust_029,uniprot,Homo_sapiens,,emb_0677,2018-08-12,0.1308202350679409,mmseqs2:pep_0677
pep_0680,EDWQCPGFTRRWSFGCTIR,0,study_K00,clust_078,literature,Rattus_norvegicus,,emb_0680,2025-06-11,0.0109880682152857,mmseqs2:pep_0680
pep_0682,HENAGGCCIQWGQDSTFECNYCTTGDQLQEIKLRVQLK,0,study_R00,clust_015,synthetic,Homo_sapiens,PDB_0015,emb_0682,2022-02-16,0.6331617537142872,mmseqs2:pep_0682
pep_0684,VDSKQQIGLIGTTGNHRWP,0,study_N00,clust_077,uniprot,Mus_musculus,,emb_0684,2024-12-13,0.0369597905753052,mmseqs2:pep_0684
pep_0686,HPGTEMRGLLFPTCFGGQWPDMKLGMFQRDPDMMT,0,study_B01,clust_067,internal_db,Rattus_norvegicus,PDB_1728,emb_0686,2025-07-14,0.4212755943861588,mmseqs2:pep_0686
pep_0687,NGHTLYPLCNRENSRWWQCNV,0,study_X00,clust_007,literature,Bos_taurus,,emb_0687,2024-12-17,0.4361187234313709,mmseqs2:pep_0687
pep_0689,YQESQVMFYPIPPMQPLDV,0,study_A00,clust_018,synthetic,Rattus_norvegicus,,emb_0689,2018-05-02,0.379381143143253,mmseqs2:pep_0689
pep_0690,NISACCFRDDDKHNSSLFMTFNVERER,1,study_L01,clust_043,internal_db,Homo_sapiens,PDB_6517,emb_0690,2023-04-04,0.3342238874513976,mmseqs2:pep_0690
pep_0691,PVCRREVTRFVCVHAMQCSKQPN,1,study_M00,clust_019,literature,Rattus_norvegicus,PDB_8594,emb_0691,2018-09-27,0.3002083012501894,mmseqs2:pep_0691
pep_0697,SRLCWWPVADRWHRFWSWGFLIETAIAHNQPTFVYYVFQ,1,study_N01,clust_070,literature,Homo_sapiens,PDB_1797,emb_0697,2018-03-18,0.2042142717608646,mmseqs2:pep_0697
pep_0699,EASDEERNQDATIINFQQANNMNHAFGWG,0,study_L01,clust_017,internal_db,Bos_taurus,,emb_0699,2018-05-01,0.541096812357686,mmseqs2:pep_0699
pep_0701,PYYMNFHQHEETMWMILHSSVKA,0,study_F00,clust_068,literature,Escherichia_coli,,emb_0701,2019-06-05,0.0903043995743691,mmseqs2:pep_0701
pep_0707,EDEQECFIALEESRYECWVQFSIS,0,study_K00,clust_016,internal_db,Homo_sapiens,PDB_0016,emb_0707,2023-08-23,0.4356485787462825,mmseqs2:pep_0707
pep_0710,IKHMPGMVMRCRPNPWEPSCEEWVSCIC,1,study_M01,clust_040,internal_db,Rattus_norvegicus,,emb_0710,2024-08-14,0.1863138950469433,mmseqs2:pep_0710
pep_0712,GLDAAEQIGHRGMEVQTGEQWYQCRL,0,study_M00,clust_032,internal_db,Mus_musculus,PDB_5818,emb_0712,2024-09-21,0.1606192065718322,mmseqs2:pep_0712
pep_0714,PYYNTFHQQHGTMWKILLSSVKA,1,study_D01,clust_068,internal_db,Unknown,,emb_0714,2021-08-30,0.2359385530987654,mmseqs2:pep_0714
pep_0720,TDNIWLLLEWPTWIHQHRDKWDQPFTDSHEHWSFDHSFE,1,study_B00,clust_061,internal_db,Unknown,PDB_5815,emb_0720,2023-02-02,0.5332395398001667,mmseqs2:pep_0720
pep_0724,CSQTWASKLDYKDICRIHDVRAFRSHAAEGCTFLLCWR,1,study_N01,clust_034,uniprot,Escherichia_coli,PDB_5781,emb_0724,2018-06-12,0.362208862845217,mmseqs2:pep_0724
pep_0727,YVCRRERTRFFMVHAIQCSKQCN,1,study_D00,clust_019,uniprot,Escherichia_coli,PDB_0019,emb_0727,2022-11-05,0.3547555230828996,mmseqs2:pep_0727
pep_0729,VCRWFKWAIKCWSWLIKTCLRFMTNWIAN,1,study_D00,clust_044,synthetic,Bos_taurus,,emb_0729,2022-01-20,0.4054598766356387,mmseqs2:pep_0729
pep_0732,CGVFAQFDPNDWKHCIITR,1,study_E00,clust_008,synthetic,Rattus_norvegicus,PDB_6774,emb_0732,2024-07-22,0.3833367853217497,mmseqs2:pep_0732
pep_0734,GCCRILMQGVYRKDHEGSNTYSDGNEQTNFILDYI,0,study_F00,clust_064,synthetic,Mus_musculus,PDB_6763,emb_0734,2022-10-17,0.6596155236653468,mmseqs2:pep_0734
pep_0736,AGRVGFSLYGQYVFIKPIASNQNKAQDVH,1,study_S00,clust_056,literature,Homo_sapiens,,emb_0736,2024-02-25,0.4953393938776236,mmseqs2:pep_0736
pep_0737,KCRWSKWAIKCSSWLVKTCLRFMYNWIAN,0,study_Y00,clust_044,synthetic,Bos_taurus,,emb_0737,2020-03-19,0.37774370034038,mmseqs2:pep_0737
pep_0743,YCWWCNWWMGLHGVSIGRQYVNCR,0,study_H01,clust_004,synthetic,Mus_musculus,PDB_4797,emb_0743,2024-03-04,0.5547322215761648,mmseqs2:pep_0743
pep_0744,RETIFQGFHDVFMIPQFERWLQGRFVCNTRVMG,1,study_T00,clust_060,uniprot,Bos_taurus,PDB_0060,emb_0744,2025-01-10,0.5310493778633225,mmseqs2:pep_0744
pep_0746,HMMAFGCCIQWGQDSRFECNYCTTGDQLQLFKLWVQLK,0,study_L00,clust_015,literature,Rattus_norvegicus,,emb_0746,2022-08-07,0.6849245691565129,mmseqs2:pep_0746
pep_0752,EHCLWYPECMPQWELRYTTRQWNTCPIWMNTGSQAW,1,study_U00,clust_052,literature,Bos_taurus,PDB_3713,emb_0752,2024-08-14,0.6393749007335346,mmseqs2:pep_0752
pep_0753,MHPGFRDYVQMNMCIPHYLWQIMEQFEVKTDNWFMLGTCT,1,study_M01,clust_066,synthetic,Homo_sapiens,PDB_5337,emb_0753,2025-10-05,0.420494097274418,mmseqs2:pep_0753
pep_0755,GLDAPEQIGHRGMEVQTGEKWYQCAL,0,study_M00,clust_032,internal_db,Mus_musculus,PDB_5818,emb_0755,2024-05-11,0.1227995098309675,mmseqs2:pep_0755
pep_0757,SRLVWWPVAVRWHRFWSWGQLMETAIDHSQPEFVYYVFQ,0,study_B01,clust_070,synthetic,Rattus_norvegicus,PDB_0070,emb_0757,2019-06-07,0.4921098907505511,mmseqs2:pep_0757
pep_0759,IWLQHNQCMPRDDCYALHRSVDMCLTQMH,0,study_C01,clust_006,internal_db,Escherichia_coli,,emb_0759,2022-03-24,0.5580680044391032,mmseqs2:pep_0759
pep_0760,LWYPPTTPERLYRWRIAEYAGY,1,study_C01,clust_049,internal_db,Escherichia_coli,PDB_3325,emb_0760,2020-04-01,0.3514963866217913,mmseqs2:pep_0760
pep_0761,SWAWFMTLYLVKNQRVPGHDGLITQF,1,study_F01,clust_037,internal_db,Homo_sapiens,PDB_0037,emb_0761,2019-11-30,0.2817489941566717,mmseqs2:pep_0761
pep_0762,YQESHFHDYPAPPMFPLDV,1,study_P00,clust_018,literature,Escherichia_coli,PDB_0018,emb_0762,2023-10-05,0.3524519821758682,mmseqs2:pep_0762
pep_0763,PYCRILMQGVQRKDHEGPNTYDDGNEQTNVILDYI,1,study_R00,clust_064,uniprot,Bos_taurus,,emb_0763,2022-09-23,0.4987826330014688,mmseqs2:pep_0763
pep_0767,NISAWCFIEDDKHNSSLFMTFNVEREF,1,study_D01,clust_043,synthetic,Escherichia_coli,PDB_6702,emb_0767,2022-08-01,0.3472740355461888,mmseqs2:pep_0767
pep_0768,WLKHEFYDRCLSGNSHYQRTQMKPFMVCDSHQVLNQYN,0,study_G00,clust_033,synthetic,Rattus_norvegicus,PDB_5618,emb_0768,2024-05-04,0.2580541656175142,mmseqs2:pep_0768
pep_0770,YERMTNHDFFGFLMKTPLFHQKSFVVEYCD,0,study_F01,clust_074,uniprot,Mus_musculus,,emb_0770,2018-08-18,0.3240396973137722,mmseqs2:pep_0770
pep_0771,FINTTDTQTYPYQILLRAERRIG,1,study_K01,clust_023,synthetic,Bos_taurus,PDB_0023,emb_0771,2018-09-27,0.3048681339136748,mmseqs2:pep_0771
pep_0773,HTGFEAWFLMSWWCHQAVA,0,study_J00,clust_011,literature,Rattus_norvegicus,PDB_4643,emb_0773,2020-01-20,0.4359906098900651,mmseqs2:pep_0773
pep_0775,NPIHWTYEDMQRLPPDNWQQ,0,study_Y00,clust_029,internal_db,Escherichia_coli,,emb_0775,2018-03-31,0.2002077439354347,mmseqs2:pep_0775
pep_0776,NPIGWTMEDMCRQPPDHWQT,0,study_I01,clust_029,uniprot,Homo_sapiens,,emb_0776,2021-10-15,0.0,mmseqs2:pep_0776
pep_0777,SWESMPHECVQVNAMMHWKRFLMTGMYEGVKT,1,study_J00,clust_080,uniprot,Escherichia_coli,,emb_0777,2023-09-24,0.1665520272396979,mmseqs2:pep_0777
pep_0780,RDGCIYFVYLEESRYECWVQFSIS,1,study_X00,clust_016,internal_db,Unknown,,emb_0780,2022-09-14,0.530840282364119,mmseqs2:pep_0780
pep_0784,NGHLLYPLMNFENSFWWQCNV,1,study_J01,clust_007,synthetic,Mus_musculus,PDB_9076,emb_0784,2021-04-08,0.50981374378342,mmseqs2:pep_0784
pep_0786,GCCRILMQGVDRKDHEGSNTYDDGNEQDNEILDVI,1,study_A00,clust_064,literature,Bos_taurus,PDB_0064,emb_0786,2021-12-16,0.4186769000255291,mmseqs2:pep_0786
pep_0787,WLKHESYLRCLRGNSSYGRTQMKPMMFCDSHQVLNQYH,0,study_J00,clust_033,synthetic,Rattus_norvegicus,,emb_0787,2019-09-10,0.360346243226985,mmseqs2:pep_0787
pep_0791,LWMPMTTQIRLYQSRIAYYAQY,1,study_H01,clust_049,uniprot,Mus_musculus,PDB_0049,emb_0791,2023-09-20,0.3833036135302233,mmseqs2:pep_0791
pep_0794,PGYFVDYRSKCDCYDKSASS,0,study_I01,clust_036,internal_db,Mus_musculus,PDB_7412,emb_0794,2019-08-12,0.0602478931172575,mmseqs2:pep_0794
pep_0796,DVIFEQPRYMVKDQLIQESIEDHMMH,1,study_C01,clust_028,synthetic,Rattus_norvegicus,,emb_0796,2019-06-30,0.1810590388755111,mmseqs2:pep_0796
pep_0797,WFGRNNFTIKMKKISAVTFV,0,study_C01,clust_057,internal_db,Mus_musculus,,emb_0797,2018-05-16,0.4716281780448394,mmseqs2:pep_0797
pep_0798,PVSYVSSHTGNENIGCSA,0,study_W00,clust_046,uniprot,Escherichia_coli,,emb_0798,2025-12-13,0.145116014465042,mmseqs2:pep_0798
pep_0799,PFQDAPCRGESAMLMPKSVHIACRWCA,1,study_B00,clust_059,literature,Rattus_norvegicus,PDB_0059,emb_0799,2025-06-22,0.588120366281125,mmseqs2:pep_0799
pep_0802,HPGTEMRGLLFPTCTGAQWPDAKLGMFQRDGDMMM,0,study_E00,clust_067,internal_db,Rattus_norvegicus,,emb_0802,2021-06-08,0.4731044204503762,mmseqs2:pep_0802
pep_0803,GVNHLEEHFSEGVLLPKCSNDTSNWKQGACVNQM,1,study_O00,clust_058,literature,Rattus_norvegicus,PDB_1151,emb_0803,2022-09-22,0.6585584582597254,mmseqs2:pep_0803
pep_0804,YVCRLEMTRFVCVMATQCSKQCN,1,study_G01,clust_019,internal_db,Rattus_norvegicus,PDB_5161,emb_0804,2019-07-07,0.3547762110689665,mmseqs2:pep_0804
pep_0806,CIDASEQIGHRGMEVGTIEQWYPCRL,1,study_G01,clust_032,uniprot,Mus_musculus,PDB_4333,emb_0806,2022-07-02,0.1683644244454354,mmseqs2:pep_0806
pep_0808,FKTEVKYVHDVSKWLCGPYPLFEM,1,study_N00,clust_045,synthetic,Escherichia_coli,PDB_3358,emb_0808,2023-11-05,0.2091017172125549,mmseqs2:pep_0808
pep_0810,CIDAAEQIGHRGMEVQNIEQWYPCRL,1,study_D01,clust_032,uniprot,Mus_musculus,PDB_4333,emb_0810,2022-05-30,0.0847410554937742,mmseqs2:pep_0810
pep_0812,VDSKQLIGQAGRTGMHPWM,0,study_M00,clust_077,internal_db,Bos_taurus,PDB_0077,emb_0812,2023-10-14,0.0928999860910353,mmseqs2:pep_0812
pep_0819,SWAWFMTLYLVKNQRVPGHDGLMAVF,1,study_B01,clust_037,internal_db,Homo_sapiens,PDB_0037,emb_0819,2021-08-27,0.2946616539207651,mmseqs2:pep_0819
pep_0820,FQICHICFIIFLLVPVVN,1,study_R00,clust_063,internal_db,Mus_musculus,PDB_2186,emb_0820,2022-11-05,0.2937431343218236,mmseqs2:pep_0820
pep_0821,SWAWNMTLGLPKNQRVPGCMGRVTQF,0,study_S00,clust_037,literature,Unknown,PDB_0037,emb_0821,2019-08-12,0.2971676518848272,mmseqs2:pep_0821
pep_0822,PTVVHRCFSQWFCDWKLSLRHIDQLKMTS,1,study_O00,clust_075,uniprot,Bos_taurus,PDB_6517,emb_0822,2020-05-11,0.0528573220760504,mmseqs2:pep_0822
pep_0824,GCLCEYFVNCNLFVLKDNCAGAETKDMQGY,1,study_C01,clust_009,uniprot,Bos_taurus,PDB_0009,emb_0824,2025-06-09,0.7396951895275589,mmseqs2:pep_0824
pep_0825,GVFALEEHRAEGVLLPKKSNAPSRWKQGACVNQM,1,study_O00,clust_058,literature,Rattus_norvegicus,PDB_1151,emb_0825,2020-02-11,0.5870606290911298,mmseqs2:pep_0825
pep_0828,NRHTLYPLCNRENPRWWQCCV,0,study_X00,clust_007,literature,Bos_taurus,,emb_0828,2022-12-31,0.4264383380844566,mmseqs2:pep_0828
pep_0829,FWYCDHYKAYGWPVTTPLNMECWRE,0,study_C01,clust_051,synthetic,Unknown,PDB_0051,emb_0829,2020-04-26,0.2792926617096166,mmseqs2:pep_0829
pep_0832,YRFMESHHLVKCRVNCASPSRLFASGTGCV,0,study_M01,clust_071,literature,Unknown,,emb_0832,2024-07-30,0.0167885190569493,mmseqs2:pep_0832
pep_0833,NHSMCCICWFPPEVTFNYYAVEVDR,0,study_Q00,clust_076,synthetic,Mus_musculus,PDB_8287,emb_0833,2022-05-09,0.2503704119084128,mmseqs2:pep_0833
pep_0837,YRPMDKHHAVKYRVNCQMPSRLFSSGTGCQ,1,study_R00,clust_071,synthetic,Mus_musculus,PDB_2641,emb_0837,2018-11-02,0.1409201191254143,mmseqs2:pep_0837
pep_0841,GLFYKLYKRTSTPFCYGDRV,0,study_H01,clust_048,synthetic,Bos_taurus,,emb_0841,2023-08-29,0.3004465463279822,mmseqs2:pep_0841
pep_0842,GIARAEQIGHRGMYVQTDEQWYPCRL,0,study_G00,clust_032,synthetic,Mus_musculus,PDB_0032,emb_0842,2021-06-10,0.0932769219411419,mmseqs2:pep_0842
pep_0843,FFGYECVFYYARNHWNSWTQDRTKMPEHMPWLSHLARGQS,0,study_U00,clust_013,uniprot,Homo_sapiens,,emb_0843,2020-09-09,0.5387953211109409,mmseqs2:pep_0843
pep_0846,NRIHWTMIDMQRQPPDNWQG,1,study_O00,clust_029,synthetic,Mus_musculus,,emb_0846,2021-09-22,0.1824432278629037,mmseqs2:pep_0846
pep_0850,AGRVGFSRYGFYVFTKPIIWNQNKAQSHK,1,study_J01,clust_056,uniprot,Bos_taurus,,emb_0850,2025-02-08,0.5795242302017198,mmseqs2:pep_0850
pep_0851,VDSKWQEGPIARTGMHPWM,0,study_P00,clust_077,internal_db,Bos_taurus,PDB_2445,emb_0851,2024-06-28,0.0664758156061669,mmseqs2:pep_0851
pep_0855,KYFSHIHRVACWYSTYSNQPVGPKY,0,study_P00,clust_069,synthetic,Unknown,PDB_0069,emb_0855,2021-08-02,0.182038651367691,mmseqs2:pep_0855
pep_0856,MGEFAIFDSNDEKHCKITR,1,study_F01,clust_008,synthetic,Rattus_norvegicus,,emb_0856,2021-02-02,0.4221411671469914,mmseqs2:pep_0856
pep_0858,YRPMESHHMVKCNVNCASPSRLFTSGTFCQ,1,study_J00,clust_071,literature,Bos_taurus,,emb_0858,2018-01-16,0.2795296051692673,mmseqs2:pep_0858
pep_0859,VCLWSKWAIKVTERLQKTCLRFMYNWIAN,1,study_L00,clust_044,internal_db,Escherichia_coli,,emb_0859,2025-09-19,0.3228824019791045,mmseqs2:pep_0859
pep_0860,TWICDHYKAYGGNVGTPSNMRCYVE,1,study_J00,clust_051,synthetic,Mus_musculus,PDB_5704,emb_0860,2022-04-23,0.3541419468443554,mmseqs2:pep_0860
pep_0862,MGVFRIFDSNDSKHCAITR,0,study_N01,clust_008,literature,Escherichia_coli,PDB_8980,emb_0862,2023-08-30,0.3793111593713121,mmseqs2:pep_0862
pep_0865,GVSHVESHTWPANIGESA,1,study_Z00,clust_046,synthetic,Mus_musculus,PDB_9636,emb_0865,2025-02-08,0.1610544691280292,mmseqs2:pep_0865
pep_0866,GVSYVTSHTGPFGIGLSA,1,study_L01,clust_046,uniprot,Escherichia_coli,PDB_1034,emb_0866,2021-09-16,0.4145932463642469,mmseqs2:pep_0866
pep_0867,VCRWSKWAIKCSSRLIKCCLRIMYNWIAN,1,study_P00,clust_044,literature,Unknown,PDB_4024,emb_0867,2023-03-22,0.4096538041751181,mmseqs2:pep_0867
pep_0869,LQICHICFIIFPLVDWVN,0,study_C00,clust_063,internal_db,Escherichia_coli,,emb_0869,2022-06-03,0.3524952442281065,mmseqs2:pep_0869
pep_0872,FVIIHICFDIFPLDRVVN,0,study_A00,clust_063,synthetic,Escherichia_coli,PDB_9721,emb_0872,2024-12-24,0.2247693449200648,mmseqs2:pep_0872
pep_0876,TSKTWAMKLDYPDVCLIHDVRRFRSHAIEGCTFLLCWR,0,study_U00,clust_034,literature,Mus_musculus,,emb_0876,2023-11-05,0.4829157818826805,mmseqs2:pep_0876
pep_0877,WRTAYMVNDSRDKHMFEWFDPWLSLEHSHEWVPLGDLDHS,0,study_K01,clust_025,synthetic,Unknown,PDB_0025,emb_0877,2019-09-02,0.2531642863508289,mmseqs2:pep_0877
pep_0880,IDGCEKFIYLEESDYTCWVQFSIS,0,study_D01,clust_016,uniprot,Unknown,,emb_0880,2025-09-08,0.3667695958333676,mmseqs2:pep_0880
pep_0882,ARYAWMVNDQQDYRMCEPFDPWLSLQHSHEWVPLCDLRHS,0,study_X00,clust_025,uniprot,Rattus_norvegicus,PDB_0025,emb_0882,2020-05-30,0.3601693208811856,mmseqs2:pep_0882
pep_0888,REYYDPTGCWYAPACRMFRY,1,study_C00,clust_022,uniprot,Bos_taurus,PDB_0022,emb_0888,2018-04-24,0.292039909596386,mmseqs2:pep_0888
pep_0892,EDCLSMPELMPQWELRMTTVQTNTFLIWMMTGSQAW,0,study_G00,clust_052,synthetic,Escherichia_coli,,emb_0892,2019-05-24,0.6267130673387408,mmseqs2:pep_0892
pep_0893,HPGTEMTGCLFPTCFGACWPDMCLGMFQDCLDMMM,1,study_F00,clust_067,uniprot,Escherichia_coli,,emb_0893,2021-10-07,0.4980929955253247,mmseqs2:pep_0893
pep_0894,GVSYVESHLHPFKTGESA,1,study_Z00,clust_046,synthetic,Mus_musculus,PDB_9636,emb_0894,2019-10-19,0.1796186690362056,mmseqs2:pep_0894
pep_0896,DLTIHASKSTGFGEAMVTAYKGKMYKNIHLVI,0,study_X00,clust_035,synthetic,Bos_taurus,PDB_1003,emb_0896,2021-10-15,0.1255829768753753,mmseqs2:pep_0896
pep_0897,NPIHWTMWGMERQPPDNWQT,0,study_I01,clust_029,literature,Mus_musculus,,emb_0897,2022-05-30,0.0968228076297981,mmseqs2:pep_0897
pep_0900,PGCEVHIRPKCDCYDYSESY,1,study_D00,clust_036,synthetic,Rattus_norvegicus,PDB_2999,emb_0900,2021-10-10,0.1229702513083791,mmseqs2:pep_0900
pep_0906,YRPMESHHAYKVRVNLAMPSRLFSSGTGCQ,1,study_R00,clust_071,synthetic,Mus_musculus,PDB_2641,emb_0906,2018-02-04,0.1599797456636782,mmseqs2:pep_0906
pep_0909,TTACSGIEAQVHRSCQCHKWTFFFAVEDLESHSAY,1,study_N01,clust_021,synthetic,Bos_taurus,,emb_0909,2023-07-23,0.5654778842440095,mmseqs2:pep_0909
pep_0910,LQICHILPIIFPLVDWVN,0,study_C00,clust_063,internal_db,Escherichia_coli,,emb_0910,2024-04-25,0.3662545104044894,mmseqs2:pep_0910
pep_0911,PSVDVFDNKAMNQWYRPGEHPTEYHEP,0,study_E01,clust_030,literature,Mus_musculus,,emb_0911,2021-12-05,0.1179607205726548,mmseqs2:pep_0911
pep_0912,QSVDVFDNWAWNQWQTPGEHPTEYHEP,0,study_N00,clust_030,literature,Mus_musculus,,emb_0912,2019-10-09,0.1580283461403671,mmseqs2:pep_0912
pep_0915,MIVFAIFDSNDNAHCDITR,0,study_U00,clust_008,literature,Escherichia_coli,PDB_8980,emb_0915,2024-12-23,0.4359600149984278,mmseqs2:pep_0915
pep_0916,FCMFMEVWTRMTWDTHAWTQTLPCKTCCWQIMDECEY,1,study_B00,clust_038,uniprot,Bos_taurus,PDB_0038,emb_0916,2018-03-04,0.3673723281575472,mmseqs2:pep_0916
pep_0917,LQICHICFIIFRHVRFVN,1,study_J01,clust_063,internal_db,Escherichia_coli,PDB_7395,emb_0917,2024-02-21,0.3687311695850065,mmseqs2:pep_0917
pep_0919,YHSMCCICWCPPIVTFKQYAQQGDR,1,study_K01,clust_076,uniprot,Bos_taurus,PDB_7177,emb_0919,2018-04-27,0.2728118708251208,mmseqs2:pep_0919
pep_0920,NTFYIDYKLTSTPFCYNDRV,0,study_I00,clust_048,internal_db,Mus_musculus,PDB_5818,emb_0920,2018-01-07,0.3912750606345057,mmseqs2:pep_0920
pep_0932,PYYMTSHQHEQTMWKILLSSIKA,0,study_I01,clust_068,synthetic,Rattus_norvegicus,,emb_0932,2025-06-01,0.1633474877315416,mmseqs2:pep_0932
pep_0934,TSQTWAMKLDYQIVCLIHDVRRFRSHAAEFCTFLLCWR,1,study_G01,clust_034,literature,Mus_musculus,PDB_0034,emb_0934,2021-12-05,0.3822305223388219,mmseqs2:pep_0934
pep_0936,RETIFDGFMGVNMIPQFERWLQGRFVWNTRVMG,0,study_G00,clust_060,internal_db,Mus_musculus,PDB_8966,emb_0936,2024-10-18,0.6035557507912195,mmseqs2:pep_0936
pep_0947,IFNSARFKLPTFLHKEWRTYTYCP,0,study_B01,clust_053,literature,Escherichia_coli,PDB_4741,emb_0947,2019-10-28,0.4820682051615405,mmseqs2:pep_0947
pep_0949,SRLVWWPVADCDHRFWSWGVLIETAIDHSQPEFVYYVFA,0,study_M01,clust_070,internal_db,Rattus_norvegicus,PDB_5991,emb_0949,2024-12-26,0.3085162534114146,mmseqs2:pep_0949
pep_0951,GWDAAEQIRHMGMEVQTDEQWYPCRL,0,study_L00,clust_032,uniprot,Bos_taurus,PDB_3795,emb_0951,2025-01-10,0.1647360832732793,mmseqs2:pep_0951
pep_0952,QCRWSKWANKCSSWLIKTCLRFDYNWIAN,0,study_E01,clust_044,synthetic,Bos_taurus,,emb_0952,2025-04-17,0.4437325645819268,mmseqs2:pep_0952
pep_0954,KYFSHIFRVAYWYCTYCNQPVGVNY,1,study_F01,clust_069,internal_db,Unknown,PDB_0069,emb_0954,2025-05-24,0.3382239607037598,mmseqs2:pep_0954
pep_0957,AGRVGFSLYGFYVFIDHIAWNRNKAQSHH,1,study_T00,clust_056,literature,Escherichia_coli,,emb_0957,2022-11-18,0.5456974241426018,mmseqs2:pep_0957
pep_0958,EDWQGAHFAMHLSFHCTIR,1,study_G00,clust_078,internal_db,Unknown,PDB_0078,emb_0958,2024-02-25,0.0523362539353633,mmseqs2:pep_0958
pep_0960,NQIHWTREDMQQQPPDNWQT,0,study_I01,clust_029,literature,Mus_musculus,,emb_0960,2019-03-26,0.0578878359167245,mmseqs2:pep_0960
pep_0971,LMFFVCMMYSFWLNGYAGKACMSGIHY,1,study_Q00,clust_072,synthetic,Unknown,PDB_0072,emb_0971,2021-12-18,0.1272524406251729,mmseqs2:pep_0971
pep_0978,HPGTEMRGLLFPTCFGAQWPIMFLGMFQDDLDMMM,1,study_S00,clust_067,internal_db,Bos_taurus,,emb_0978,2022-05-17,0.3032144917993399,mmseqs2:pep_0978
pep_0987,STGFWAWFLDSWTCHQCVA,0,study_U00,clust_011,literature,Homo_sapiens,,emb_0987,2021-01-13,0.3567193631752717,mmseqs2:pep_0987
pep_0990,QTDSYLHEYYMACSAGTMC,0,study_L01,clust_026,uniprot,Mus_musculus,PDB_0026,emb_0990,2018-01-03,0.1305018900020646,mmseqs2:pep_0990
pep_0993,MGVFAIFGSNPNKHCRIDR,1,study_A01,clust_008,uniprot,Homo_sapiens,,emb_0993,2018-05-16,0.3203269669663797,mmseqs2:pep_0993
pep_0999,FQICRICFIIFPLTRVVN,1,study_H01,clust_063,uniprot,Escherichia_coli,PDB_0063,emb_0999,2024-05-02,0.4513448788007839,mmseqs2:pep_0999
