id,sequence,label,group,cluster_id,source,species,structure_id,embedding_id,date,target,embedding_cosine_cluster_id
pep_0001,RDRQVKEAVHMSCVLMEYKGWFVVPHFGWGKTWVTSHM,0,study_C01,clust_041,internal_db,Rattus_norvegicus,PDB_4089,emb_0001,2022-09-08,0.3854341968557327,embcos:pep_0001
pep_0023,PYGRHQWPCPPIHWQHCCARTYPPTFRDSSWR,1,study_M00,clust_020,uniprot,Homo_sapiens,,emb_0023,2022-03-24,0.3486409007991519,embcos:pep_0023
pep_0076,YCWWCNWWMGLHGVEIGRQYVVCR,0,study_G00,clust_004,synthetic,Mus_musculus,PDB_4797,emb_0076,2021-01-21,0.5683616429340052,embcos:pep_0076
pep_0103,VCRWSKWAIKCSSRLIKCCLRFMYNWIAN,0,study_P00,clust_044,literature,Unknown,PDB_4024,emb_0103,2023-11-07,0.4162342903911714,embcos:pep_0103
pep_0109,FQICHICFIIFPLVRAVN,0,study_P00,clust_063,internal_db,Escherichia_coli,PDB_4967,emb_0109,2022-04-12,0.328138607679339,embcos:pep_0109
pep_0123,GCCRILMQGNQNKDHEGSNTYDDGNEQTNEILDYI,0,study_C00,clust_064,literature,Escherichia_coli,PDB_0064,emb_0123,2018-09-16,0.5250536227059214,embcos:pep_0123
pep_0151,EQCKWWPECMPQWELRMTTRQWNTCLIWMMTGSQAW,0,study_A01,clust_052,synthetic,Mus_musculus,PDB_0052,emb_0151,2019-06-01,0.4082721549827461,embcos:pep_0151
pep_0317,PGCFFHYRSKCDCYDKSESY,0,study_L00,clust_036,literature,Mus_musculus,PDB_0036,emb_0317,2024-08-14,0.0486641949108065,embcos:pep_0317
pep_0475,NVKNVYAWFQMIRAPKEFCMRADDENDYGWSW,0,study_J00,clust_024,literature,Unknown,,emb_0475,2024-03-06,0.4358035000128691,embcos:pep_0475
pep_0760,LWYPPTTPERLYRWRIAEYAGY,1,study_C01,clust_049,internal_db,Escherichia_coli,PDB_3325,emb_0760,2020-04-01,0.3514963866217913,embcos:pep_0760
pep_0801,NQIHWTREDMQQQPPDNWQT,1,study_I01,clust_029,literature,Mus_musculus,,emb_0801,2024-09-27,0.0578878359167245,embcos:pep_0801
pep_0893,HPGTEMTGCLFPTCFGACWPDMCLGMFQDCLDMMM,1,study_F00,clust_067,uniprot,Escherichia_coli,,emb_0893,2021-10-07,0.4980929955253247,embcos:pep_0893
